lambda_1,lambda_2,x_min_mode,x_max_mode,step_mode,count_all,count_ft,fraction_all,cumulative_fraction_all,fraction_ft,mode_id
1.23984,,5,70,0.067858,21233,0,0.2399642873287826,0.2399642873287826,0.0,0
1.23984,,6,71,0.140377,20366,0,0.23016590570046563,0.47013019302924824,0.0,1
1.23984,,6,72,0.069378,14524,0,0.16414266986121784,0.6342728628904661,0.0,2
1.23984,,5,40,0.02,5448,0,0.061570453415306724,0.6958433163057729,0.0,3
1.23984,,3,60,0.02,3426,0,0.038718864427467116,0.73456218073324,0.0,4
1.5406,1.54439,10,90,0.020458,2364,0,0.026716694543646308,0.7612788752768863,0.0,5
1.20793,1.20839,10,65,0.015004,1703,0,0.01924641743140003,0.7805252927082863,0.0,6
1.23984,,3,55,0.02,1578,0,0.017833732652230913,0.7983590253605172,0.0,7
1.5406,1.54439,10,80,0.020458,1249,1,0.014115546313457801,0.812474571673975,0.0004725897920604915,8
1.20793,1.20839,51,55,0.015004,868,0,0.009809683106550338,0.8222842547805254,0.0,9
1.20793,1.20839,20,70,0.015004,865,0,0.009775778671850277,0.8320600334523757,0.0,10
1.5406,1.54439,6,72,0.141502,674,0,0.0076171963292798696,0.8396772297816555,0.0,11
1.20793,1.20839,10,90,0.015004,614,0,0.006939107635278694,0.8466163374169342,0.0,12
1.5406,1.54439,10,89,0.020458,539,0,0.0060914967677772255,0.8527078341847114,0.0,13
1.20793,1.20839,10,60,0.015004,534,0,0.006034989376610461,0.8587428235613219,0.0,14
1.20793,1.20839,10,70,0.015004,526,0,0.005944577550743638,0.8646874011120655,0.0,15
1.5406,1.54439,5,90,0.01,408,0,0.004611003119207992,0.8692984042312736,0.0,16
1.5406,1.54439,10,80,0.050316,406,406,0.004588400162741287,0.8738868043940149,0.19187145557655955,17
1.20793,1.20839,10,50,0.015004,367,0,0.0041476425116405225,0.8780344469056555,0.0,18
,,15,60,0.01,342,0,0.0038651055558066995,0.8818995524614621,0.0,19
1.20793,1.20839,25,69,0.015004,338,0,0.003819899642873288,0.8857194521043354,0.0,20
1.5406,1.54439,30,110,0.026261,338,338,0.003819899642873288,0.8895393517472088,0.15973534971644612,21
1.5406,1.54439,10,90,0.024545,326,0,0.0036842819040730527,0.8932236336512819,0.0,22
1.5406,1.54439,10,80,0.010231,243,0,0.00274625921070476,0.8959698928619866,0.0,23
1.5406,1.54439,10,110,0.020458,239,0,0.0027010532977713485,0.898670946159758,0.0,24
1.20793,1.20839,10,91,0.015004,223,0,0.0025202296460377018,0.9011911758057957,0.0,25
1.5406,1.54439,5,50,0.0303,205,204,0.0023168030378373492,0.903507978843633,0.09640831758034027,26
1.20793,1.20839,10,61,0.015004,204,0,0.002305501559603996,0.905813480403237,0.0,27
1.20793,1.20839,25,71,0.015004,201,0,0.0022715971249039372,0.9080850775281409,0.0,28
1.5406,1.54439,5,80,0.020458,198,0,0.0022376926902038788,0.9103227702183448,0.0,29
1.5406,1.54439,11,90,0.020458,150,0,0.0016952217350029383,0.9120179919533478,0.0,30
1.5406,1.54439,10,120,0.020458,144,0,0.001627412865602821,0.9136454048189506,0.0,31
1.5406,1.54439,10,80,0.009208,137,0,0.0015483025179693505,0.91519370733692,0.0,32
1.20793,1.20839,25,35,0.015004,136,0,0.0015370010397359976,0.9167307083766559,0.0,33
1.5406,1.54439,10,92,0.020458,133,0,0.0015030966050359387,0.9182338049816918,0.0,34
1.20793,1.20839,20,32,0.015004,131,0,0.0014804936485692329,0.9197142986302611,0.0,35
1.5406,1.54439,30,85,0.020458,130,0,0.00146919217033588,0.921183490800597,0.0,36
1.5406,1.54439,5,100,0.060361,118,0,0.0013335744315356448,0.9225170652321327,0.0,37
1.20793,1.20839,10,62,0.015004,105,0,0.001186655214502057,0.9237037204466347,0.0,38
1.5406,1.54439,10,91,0.010231,103,0,0.001164052258035351,0.9248677727046701,0.0,39
1.20793,1.20839,10,75,0.015004,98,0,0.0011075448668685865,0.9259753175715387,0.0,40
1.20793,1.20839,50,65,0.015004,96,0,0.0010849419104018805,0.9270602594819406,0.0,41
1.5406,1.54439,0,90,0.01,87,0,0.0009832286063017042,0.9280434880882423,0.0,42
1.5406,1.54439,20,80,0.020458,79,0,0.0008928167804348808,0.9289363048686772,0.0,43
1.20793,1.20839,15,100,0.015004,76,0,0.0008589123457348222,0.929795217214412,0.0,44
,,10,80,0.010231,76,0,0.0008589123457348222,0.9306541295601469,0.0,45
1.20793,1.20839,10,82,0.015004,74,0,0.0008363093892681163,0.9314904389494151,0.0,46
1.5406,1.54439,5,65,0.020458,73,0,0.0008250079110347634,0.9323154468604499,0.0,47
1.5406,1.54439,10,80,0.0399,67,0,0.0007571990416346458,0.9330726459020845,0.0,48
1.20793,1.20839,10,66,0.015004,66,0,0.0007458975634012929,0.9338185434654858,0.0,49
1.20793,1.20839,20,62,0.015004,66,0,0.0007458975634012929,0.934564441028887,0.0,50
1.20793,1.20839,20,52,0.015004,64,0,0.0007232946069345871,0.9352877356358216,0.0,51
1.20793,1.20839,20,68,0.015004,61,0,0.0006893901722345283,0.9359771258080561,0.0,52
1.20793,1.20839,10,80,0.015004,60,0,0.0006780886940011754,0.9366552145020574,0.0,53
1.20793,1.20839,18,29,0.015004,59,0,0.0006667872157678224,0.9373220017178252,0.0,54
1.5406,1.54439,10,80,0.029669,59,0,0.0006667872157678224,0.937988788933593,0.0,55
1.5406,1.54439,10,81,0.020458,57,0,0.0006441842593011166,0.9386329731928942,0.0,56
1.5406,1.54439,10,123,0.020458,56,0,0.0006328827810677636,0.939265855973962,0.0,57
1.20793,1.20839,20,60,0.015004,54,0,0.0006102798246010578,0.939876135798563,0.0,58
1.5406,1.54439,20,90,0.020458,51,2,0.000576375389900999,0.940452511188464,0.000945179584120983,59
1.5406,1.54439,30,90,0.020458,49,0,0.0005537724334342932,0.9410062836218982,0.0,60
1.5406,1.54439,5,80,0.01671,48,0,0.0005424709552009402,0.9415487545770992,0.0,61
1.20793,1.20839,10,64,0.015004,46,0,0.0005198679987342344,0.9420686225758335,0.0,62
1.20793,1.20839,10,94,0.015004,46,0,0.0005198679987342344,0.9425884905745677,0.0,63
1.20793,1.20839,20,41,0.015004,44,0,0.0004972650422675286,0.9430857556168353,0.0,64
1.5406,1.54439,10,100,0.020458,44,0,0.0004972650422675286,0.9435830206591028,0.0,65
1.5406,1.54439,5,60,0.020458,43,0,0.00048596356403417566,0.944068984223137,0.0,66
1.5406,1.54439,30,145,0.020458,43,0,0.00048596356403417566,0.9445549477871712,0.0,67
1.5406,1.54439,5,50,0.0399,41,40,0.0004633606075674698,0.9450183083947387,0.01890359168241966,68
1.5406,1.54439,5,55,0.0303,41,41,0.0004633606075674698,0.9454816690023061,0.019376181474480152,69
1.5406,1.54439,10,80,0.05,40,0,0.0004520591293341169,0.9459337281316402,0.0,70
1.5406,1.54439,10,100,0.029669,40,0,0.0004520591293341169,0.9463857872609743,0.0,71
1.20793,1.20839,20,28,0.015004,38,0,0.0004294561728674111,0.9468152434338417,0.0,72
1.5406,1.54439,5,70,0.010231,36,0,0.00040685321640070523,0.9472220966502424,0.0,73
1.5406,1.54439,30,80,0.020458,36,0,0.00040685321640070523,0.947628949866643,0.0,74
1.20793,1.20839,10,32,0.015004,35,0,0.0003955517381673523,0.9480245016048103,0.0,75
1.5406,1.54439,20,120,0.020458,35,0,0.0003955517381673523,0.9484200533429776,0.0,76
1.5406,1.54439,5,40,0.020458,34,0,0.0003842502599339994,0.9488043036029117,0.0,77
1.5406,1.54439,10,70,0.020458,34,0,0.0003842502599339994,0.9491885538628457,0.0,78
1.5406,1.54439,10,100,0.016369,34,0,0.0003842502599339994,0.9495728041227798,0.0,79
1.5406,1.54439,20,121,0.019438,34,0,0.0003842502599339994,0.9499570543827138,0.0,80
1.20793,1.20839,28,45,0.015004,33,0,0.00037294878170064644,0.9503300031644145,0.0,81
1.5406,1.54439,3,40,0.020458,32,0,0.00036164730346729355,0.9506916504678818,0.0,82
1.5406,1.54439,5,70,0.020458,32,0,0.00036164730346729355,0.9510532977713492,0.0,83
0.825993,,0,150,0.003,31,31,0.0003503458252339406,0.9514036435965831,0.014650283553875236,84
1.5406,1.54439,10,82,0.020458,30,0,0.0003390443470005877,0.9517426879435837,0.0,85
1.20793,1.20839,10,90,0.062549,29,0,0.00032774286876723475,0.952070430812351,0.0,86
1.20793,1.20839,18,36,0.015004,29,0,0.00032774286876723475,0.9523981736811182,0.0,87
1.20793,1.20839,20,80,0.015004,29,0,0.00032774286876723475,0.9527259165498855,0.0,88
1.20793,1.20839,18,28,0.015004,28,0,0.0003164413905338818,0.9530423579404194,0.0,89
1.5406,1.54439,10,145,0.020458,28,0,0.0003164413905338818,0.9533587993309532,0.0,90
,,10,80,0.020458,28,0,0.0003164413905338818,0.9536752407214871,0.0,91
,,10,80,0.0399,28,0,0.0003164413905338818,0.953991682112021,0.0,92
1.20793,1.20839,10,73,0.015004,27,0,0.0003051399123005289,0.9542968220243215,0.0,93
1.5406,1.54439,2,60,0.020458,27,0,0.0003051399123005289,0.9546019619366221,0.0,94
1.5406,1.54439,10,60,0.150341,27,0,0.0003051399123005289,0.9549071018489226,0.0,95
1.5406,,5,120,0.02,26,26,0.00029383843406717596,0.9552009402829897,0.012287334593572778,96
1.20793,1.20839,20,24,0.015004,25,0,0.00028253695583382307,0.9554834772388235,0.0,97
1.5406,1.54439,5,50,0.050316,25,25,0.00028253695583382307,0.9557660141946573,0.011814744801512287,98
1.5406,1.54439,5,80,0.055227,25,0,0.00028253695583382307,0.9560485511504911,0.0,99
1.5406,1.54439,15,90,0.020458,25,0,0.00028253695583382307,0.956331088106325,0.0,100
1.5406,1.54439,28,38,0.015346,25,0,0.00028253695583382307,0.9566136250621587,0.0,101
1.20793,1.20839,20,90,0.015004,24,0,0.0002712354776004701,0.9568848605397592,0.0,102
0.41421,,0,35,0.0088,23,23,0.0002599339993671172,0.9571447945391263,0.010869565217391304,103
1.20793,1.20839,20,42,0.015004,23,0,0.0002599339993671172,0.9574047285384933,0.0,104
1.20793,1.20839,15,100,0.068715,22,0,0.0002486325211337643,0.9576533610596271,0.0,105
1.20793,1.20839,20,29,0.015004,22,0,0.0002486325211337643,0.9579019935807608,0.0,106
1.5406,1.54439,5,50,0.020458,22,0,0.0002486325211337643,0.9581506261018945,0.0,107
1.5406,1.54439,8,70,0.020458,22,0,0.0002486325211337643,0.9583992586230282,0.0,108
1.5406,1.54439,20,92,0.020458,22,0,0.0002486325211337643,0.9586478911441619,0.0,109
1.5406,1.54439,10,75,0.011254,21,0,0.00023733104290041138,0.9588852221870623,0.0,110
1.5406,1.54439,10,80,0.017392,21,0,0.00023733104290041138,0.9591225532299626,0.0,111
1.5406,1.54439,10,90,0.015346,21,0,0.00023733104290041138,0.959359884272863,0.0,112
1.5406,1.54439,10,120,0.017,21,21,0.00023733104290041138,0.9595972153157634,0.00992438563327032,113
,,2,166,0.05,21,21,0.00023733104290041138,0.9598345463586637,0.00992438563327032,114
1.20793,1.20839,5,60,0.015004,20,0,0.00022602956466705846,0.9600605759233308,0.0,115
1.20793,1.20839,20,44,0.015004,20,0,0.00022602956466705846,0.9602866054879979,0.0,116
1.20793,1.20839,25,36,0.015004,20,0,0.00022602956466705846,0.960512635052665,0.0,117
1.5406,1.54439,3,90,0.022,20,20,0.00022602956466705846,0.9607386646173321,0.00945179584120983,118
1.5406,1.54439,5,90,0.020458,20,0,0.00022602956466705846,0.9609646941819993,0.0,119
1.5406,1.54439,10,91,0.023531,20,0,0.00022602956466705846,0.9611907237466664,0.0,120
1.20793,1.20839,5,76,0.015004,19,0,0.00021472808643370554,0.9614054518331001,0.0,121
1.20793,1.20839,18,30,0.015004,19,0,0.00021472808643370554,0.9616201799195339,0.0,122
1.5406,1.54439,5,80,0.009208,19,0,0.00021472808643370554,0.9618349080059676,0.0,123
1.5406,1.54439,30,120,0.020458,19,0,0.00021472808643370554,0.9620496360924014,0.0,124
1.20793,1.20839,20,30,0.015004,17,0,0.0001921251299669997,0.9622417612223684,0.0,125
1.20793,1.20839,20,40,0.015004,17,0,0.0001921251299669997,0.9624338863523354,0.0,126
1.20793,1.20839,20,50,0.015004,17,0,0.0001921251299669997,0.9626260114823024,0.0,127
1.5406,1.54439,10,80,0.015346,17,0,0.0001921251299669997,0.9628181366122694,0.0,128
1.5406,1.54439,10,90,0.022507,17,0,0.0001921251299669997,0.9630102617422365,0.0,129
1.5406,1.54439,10,112,0.010231,17,0,0.0001921251299669997,0.9632023868722035,0.0,130
,,10,90,0.020458,17,0,0.0001921251299669997,0.9633945120021705,0.0,131
1.20793,1.20839,15,31,0.015004,16,0,0.00018082365173364677,0.9635753356539042,0.0,132
1.5406,1.54439,2,35,0.020458,16,0,0.00018082365173364677,0.9637561593056378,0.0,133
1.5406,1.54439,15,80,0.020458,16,0,0.00018082365173364677,0.9639369829573715,0.0,134
1.5406,1.54439,16,53,0.020458,16,0,0.00018082365173364677,0.9641178066091052,0.0,135
,,5,90,0.020458,16,0,0.00018082365173364677,0.9642986302608388,0.0,136
1.20793,1.20839,5,40,0.015004,15,0,0.00016952217350029385,0.9644681524343391,0.0,137
1.20793,1.20839,20,71,0.015004,15,0,0.00016952217350029385,0.9646376746078394,0.0,138
1.20793,1.20839,28,46,0.015004,15,0,0.00016952217350029385,0.9648071967813397,0.0,139
1.5406,1.54439,10,60,0.020458,15,0,0.00016952217350029385,0.96497671895484,0.0,140
1.5406,1.54439,10,110,0.05,15,0,0.00016952217350029385,0.9651462411283404,0.0,141
1.5406,1.54439,10,140,0.015346,15,0,0.00016952217350029385,0.9653157633018407,0.0,142
1.5406,1.54439,10,140,0.020458,15,0,0.00016952217350029385,0.965485285475341,0.0,143
1.5406,1.54439,20,120,0.019438,15,0,0.00016952217350029385,0.9656548076488413,0.0,144
1.5406,1.54439,5,80,0.03342,14,0,0.0001582206952669409,0.9658130283441082,0.0,145
1.5406,1.54439,5,100,0.163691,14,0,0.0001582206952669409,0.9659712490393751,0.0,146
1.5406,1.54439,10,90,0.019438,14,0,0.0001582206952669409,0.9661294697346421,0.0,147
,,10,90,0.019438,14,0,0.0001582206952669409,0.966287690429909,0.0,148
1.20793,1.20839,3,63,0.015004,13,0,0.00014691921703358798,0.9664346096469426,0.0,149
1.20793,1.20839,10,31,0.015004,13,0,0.00014691921703358798,0.9665815288639762,0.0,150
1.20793,1.20839,10,40,0.015004,13,0,0.00014691921703358798,0.9667284480810098,0.0,151
1.20793,1.20839,15,60,0.015004,13,0,0.00014691921703358798,0.9668753672980434,0.0,152
1.5406,1.54439,10,30,0.019438,13,0,0.00014691921703358798,0.9670222865150769,0.0,153
1.5406,1.54439,10,70,0.02,13,1,0.00014691921703358798,0.9671692057321105,0.0004725897920604915,154
1.5406,1.54439,10,75,0.019438,13,0,0.00014691921703358798,0.9673161249491441,0.0,155
1.5406,1.54439,10,91,0.020458,13,0,0.00014691921703358798,0.9674630441661777,0.0,156
1.5406,1.54439,10,100,0.022507,13,0,0.00014691921703358798,0.9676099633832113,0.0,157
1.5406,1.54439,20,70,0.020458,13,0,0.00014691921703358798,0.9677568826002448,0.0,158
0.7093,0.71359,2,70,0.009676,12,0,0.00013561773880023506,0.9678925003390451,0.0,159
0.7093,0.71359,2,70,0.020458,12,0,0.00013561773880023506,0.9680281180778453,0.0,160
1.5406,1.54439,3,60,0.020458,12,1,0.00013561773880023506,0.9681637358166455,0.0004725897920604915,161
1.5406,1.54439,8,90,0.022,12,12,0.00013561773880023506,0.9682993535554457,0.005671077504725898,162
1.5406,1.54439,10,89,0.228068,12,0,0.00013561773880023506,0.9684349712942459,0.0,163
1.5406,1.54439,10,90,0.018415,12,0,0.00013561773880023506,0.9685705890330462,0.0,164
1.5406,1.54439,27,80,0.020458,12,0,0.00013561773880023506,0.9687062067718464,0.0,165
,,5,100,0.060361,12,0,0.00013561773880023506,0.9688418245106466,0.0,166
,,10,80,0.015346,12,0,0.00013561773880023506,0.9689774422494468,0.0,167
0.41244,,1,28,0.01,11,11,0.00012431626056688214,0.9691017585100137,0.005198487712665407,168
1.20793,1.20839,10,36,0.015004,11,0,0.00012431626056688214,0.9692260747705805,0.0,169
1.20793,1.20839,10,72,0.015004,11,0,0.00012431626056688214,0.9693503910311474,0.0,170
1.20793,1.20839,10,90,0.070547,11,0,0.00012431626056688214,0.9694747072917143,0.0,171
1.20793,1.20839,20,25,0.015004,11,0,0.00012431626056688214,0.9695990235522811,0.0,172
1.20793,1.20839,20,30,0.0594,11,0,0.00012431626056688214,0.969723339812848,0.0,173
1.5406,1.54439,5,50,0.104318,11,0,0.00012431626056688214,0.9698476560734148,0.0,174
1.5406,1.54439,10,95,0.020458,11,0,0.00012431626056688214,0.9699719723339817,0.0,175
1.5406,1.54439,20,120,0.015346,11,0,0.00012431626056688214,0.9700962885945486,0.0,176
2.0775,,2,166,0.05,11,11,0.00012431626056688214,0.9702206048551154,0.005198487712665407,177
0.41383,,0,50,0.001,10,10,0.00011301478233352923,0.9703336196374489,0.004725897920604915,178
1.20793,1.20839,2,16,0.015004,10,0,0.00011301478233352923,0.9704466344197824,0.0,179
1.20793,1.20839,5,17,0.015004,10,0,0.00011301478233352923,0.9705596492021159,0.0,180
1.20793,1.20839,10,51,0.015004,10,0,0.00011301478233352923,0.9706726639844494,0.0,181
1.5406,1.54439,5,76,0.020458,10,0,0.00011301478233352923,0.9707856787667829,0.0,182
1.5406,1.54439,10,70,0.019438,10,0,0.00011301478233352923,0.9708986935491164,0.0,183
1.5406,1.54439,10,80,0.012277,10,0,0.00011301478233352923,0.9710117083314499,0.0,184
1.5406,1.54439,10,100,0.038876,10,0,0.00011301478233352923,0.9711247231137834,0.0,185
1.5406,1.54439,10,111,0.022507,10,0,0.00011301478233352923,0.9712377378961169,0.0,186
1.5406,1.54439,28,31,0.010231,10,0,0.00011301478233352923,0.9713507526784504,0.0,187
2.0785,,2,166,0.05,10,10,0.00011301478233352923,0.9714637674607839,0.004725897920604915,188
,,10,120,0.020458,10,0,0.00011301478233352923,0.9715767822431174,0.0,189
1.20793,1.20839,10,15,0.015004,9,0,0.00010171330410017631,0.9716784955472175,0.0,190
1.20793,1.20839,20,32,0.009676,9,0,0.00010171330410017631,0.9717802088513177,0.0,191
1.20793,1.20839,20,65,0.015004,9,0,0.00010171330410017631,0.9718819221554178,0.0,192
1.20793,1.20839,22,30,0.015004,9,0,0.00010171330410017631,0.9719836354595179,0.0,193
1.5406,1.54439,4,70,0.020458,9,0,0.00010171330410017631,0.9720853487636181,0.0,194
1.5406,1.54439,10,90,0.010231,9,0,0.00010171330410017631,0.9721870620677182,0.0,195
1.5406,1.54439,10,90,0.0399,9,0,0.00010171330410017631,0.9722887753718183,0.0,196
1.5406,1.54439,10,110,0.02,9,9,0.00010171330410017631,0.9723904886759185,0.004253308128544423,197
1.5406,1.54439,20,60,0.020458,9,0,0.00010171330410017631,0.9724922019800186,0.0,198
1.5406,1.54439,30,130,0.020458,9,0,0.00010171330410017631,0.9725939152841188,0.0,199
,,7,145,0.02,9,9,0.00010171330410017631,0.9726956285882189,0.004253308128544423,200
0.41383,,1,50,0.001,8,8,9.041182586682339e-05,0.9727860404140857,0.003780718336483932,201
0.827154,,0,150,0.004,8,8,9.041182586682339e-05,0.9728764522399524,0.003780718336483932,202
1.20793,1.20839,5,20,0.015004,8,0,9.041182586682339e-05,0.9729668640658192,0.0,203
1.20793,1.20839,5,53,0.015004,8,0,9.041182586682339e-05,0.973057275891686,0.0,204
1.20793,1.20839,5,90,0.015004,8,0,9.041182586682339e-05,0.9731476877175528,0.0,205
1.20793,1.20839,10,22,0.015004,8,0,9.041182586682339e-05,0.9732380995434196,0.0,206
1.20793,1.20839,10,52,0.015004,8,0,9.041182586682339e-05,0.9733285113692863,0.0,207
1.20793,1.20839,10,92,0.015004,8,0,9.041182586682339e-05,0.9734189231951531,0.0,208
1.20793,1.20839,10,96,0.015004,8,0,9.041182586682339e-05,0.9735093350210199,0.0,209
1.20793,1.20839,15,30,0.015004,8,0,9.041182586682339e-05,0.9735997468468867,0.0,210
1.20793,1.20839,18,42,0.015004,8,0,9.041182586682339e-05,0.9736901586727534,0.0,211
1.20793,1.20839,25,47,0.015004,8,0,9.041182586682339e-05,0.9737805704986202,0.0,212
1.5406,1.54439,4,65,0.020458,8,0,9.041182586682339e-05,0.973870982324487,0.0,213
1.5406,1.54439,10,70,0.018415,8,0,9.041182586682339e-05,0.9739613941503538,0.0,214
1.5406,1.54439,10,80,0.014323,8,0,9.041182586682339e-05,0.9740518059762205,0.0,215
1.5406,1.54439,12,60,0.204545,8,0,9.041182586682339e-05,0.9741422178020873,0.0,216
1.5406,1.54439,15,85,0.020458,8,0,9.041182586682339e-05,0.9742326296279541,0.0,217
1.5406,1.54439,20,41,0.020458,8,0,9.041182586682339e-05,0.9743230414538209,0.0,218
1.5406,1.54439,25,81,0.019438,8,0,9.041182586682339e-05,0.9744134532796876,0.0,219
1.5406,1.54439,30,82,0.019438,8,0,9.041182586682339e-05,0.9745038651055544,0.0,220
1.5406,1.54439,35,70,0.019438,8,0,9.041182586682339e-05,0.9745942769314212,0.0,221
,,10,70,0.019438,8,0,9.041182586682339e-05,0.974684688757288,0.0,222
1.20793,1.20839,10,15,0.004,7,0,7.911034763347045e-05,0.9747637991049214,0.0,223
1.20793,1.20839,10,55,0.015004,7,0,7.911034763347045e-05,0.9748429094525548,0.0,224
1.20793,1.20839,15,70,0.015004,7,0,7.911034763347045e-05,0.9749220198001882,0.0,225
1.20793,1.20839,18,32,0.015004,7,0,7.911034763347045e-05,0.9750011301478216,0.0,226
1.20793,1.20839,20,35,0.015004,7,0,7.911034763347045e-05,0.975080240495455,0.0,227
1.20793,1.20839,30,40,0.015004,7,0,7.911034763347045e-05,0.9751593508430885,0.0,228
1.5406,1.54439,3,50,0.020458,7,0,7.911034763347045e-05,0.9752384611907219,0.0,229
1.5406,1.54439,5,60,0.010231,7,5,7.911034763347045e-05,0.9753175715383553,0.0023629489603024575,230
1.5406,1.54439,5,80,0.022507,7,0,7.911034763347045e-05,0.9753966818859887,0.0,231
1.5406,1.54439,5,87,0.010231,7,0,7.911034763347045e-05,0.9754757922336221,0.0,232
1.5406,1.54439,5,140,0.010231,7,0,7.911034763347045e-05,0.9755549025812555,0.0,233
1.5406,1.54439,8,65,0.020458,7,0,7.911034763347045e-05,0.975634012928889,0.0,234
1.5406,1.54439,8,90,0.020458,7,0,7.911034763347045e-05,0.9757131232765224,0.0,235
1.5406,1.54439,10,70,0.040923,7,0,7.911034763347045e-05,0.9757922336241558,0.0,236
1.5406,1.54439,10,81,0.02,7,0,7.911034763347045e-05,0.9758713439717892,0.0,237
1.5406,1.54439,10,90,0.029669,7,0,7.911034763347045e-05,0.9759504543194226,0.0,238
1.5406,1.54439,10,100,0.05,7,0,7.911034763347045e-05,0.976029564667056,0.0,239
1.5406,1.54439,15,100,0.020458,7,0,7.911034763347045e-05,0.9761086750146895,0.0,240
1.5406,1.54439,20,50,0.010231,7,0,7.911034763347045e-05,0.9761877853623229,0.0,241
1.5406,1.54439,20,90,0.022507,7,0,7.911034763347045e-05,0.9762668957099563,0.0,242
1.5406,1.54439,25,90,0.019438,7,0,7.911034763347045e-05,0.9763460060575897,0.0,243
1.5406,1.54439,42,47,0.003,7,0,7.911034763347045e-05,0.9764251164052231,0.0,244
0.35364,,1,28,0.01,6,6,6.780886940011753e-05,0.9764929252746233,0.002835538752362949,245
0.41383,,1,28,0.01,6,6,6.780886940011753e-05,0.9765607341440234,0.002835538752362949,246
0.49527,,2,70,0.006,6,6,6.780886940011753e-05,0.9766285430134236,0.002835538752362949,247
1.20793,1.20839,2,22,0.015004,6,0,6.780886940011753e-05,0.9766963518828238,0.0,248
1.20793,1.20839,2,51,0.015004,6,0,6.780886940011753e-05,0.9767641607522239,0.0,249
1.20793,1.20839,5,70,0.015004,6,0,6.780886940011753e-05,0.9768319696216241,0.0,250
1.20793,1.20839,5,80,0.015004,6,0,6.780886940011753e-05,0.9768997784910243,0.0,251
1.20793,1.20839,10,73,0.050918,6,0,6.780886940011753e-05,0.9769675873604244,0.0,252
1.5406,1.54439,5,50,0.011254,6,0,6.780886940011753e-05,0.9770353962298246,0.0,253
1.5406,1.54439,5,70,0.007,6,0,6.780886940011753e-05,0.9771032050992248,0.0,254
1.5406,1.54439,10,70,0.05,6,0,6.780886940011753e-05,0.9771710139686249,0.0,255
1.5406,1.54439,10,71,0.020458,6,0,6.780886940011753e-05,0.9772388228380251,0.0,256
1.5406,1.54439,10,89,0.022507,6,0,6.780886940011753e-05,0.9773066317074253,0.0,257
1.5406,1.54439,10,89,0.104318,6,0,6.780886940011753e-05,0.9773744405768254,0.0,258
1.5406,1.54439,15,75,0.020458,6,0,6.780886940011753e-05,0.9774422494462256,0.0,259
1.5406,1.54439,20,60,0.010231,6,0,6.780886940011753e-05,0.9775100583156258,0.0,260
1.5406,1.54439,20,70,0.023531,6,0,6.780886940011753e-05,0.9775778671850259,0.0,261
1.5406,1.54439,35,85,0.005,6,0,6.780886940011753e-05,0.9776456760544261,0.0,262
1.5406,1.54439,38,39,0.020458,6,0,6.780886940011753e-05,0.9777134849238263,0.0,263
1.5406,1.54439,52,54,0.010231,6,0,6.780886940011753e-05,0.9777812937932264,0.0,264
1.5406,,4,70,0.017,6,6,6.780886940011753e-05,0.9778491026626266,0.002835538752362949,265
1.5418,,4,80,0.013,6,6,6.780886940011753e-05,0.9779169115320268,0.002835538752362949,266
,,15,75,0.020458,6,0,6.780886940011753e-05,0.9779847204014269,0.0,267
0.50021,,4,38,0.01,5,5,5.6507391166764615e-05,0.9780412277925937,0.0023629489603024575,268
0.7093,0.71359,5,60,0.017,5,0,5.6507391166764615e-05,0.9780977351837605,0.0,269
0.774912,,1,42,0.02074,5,0,5.6507391166764615e-05,0.9781542425749273,0.0,270
1.20793,1.20839,2,9,0.015004,5,0,5.6507391166764615e-05,0.9782107499660941,0.0,271
1.20793,1.20839,2,50,0.015004,5,0,5.6507391166764615e-05,0.9782672573572609,0.0,272
1.20793,1.20839,10,81,0.015004,5,0,5.6507391166764615e-05,0.9783237647484277,0.0,273
1.20793,1.20839,10,90,0.015346,5,0,5.6507391166764615e-05,0.9783802721395946,0.0,274
1.20793,1.20839,10,100,0.015004,5,0,5.6507391166764615e-05,0.9784367795307614,0.0,275
1.20793,1.20839,15,41,0.015004,5,0,5.6507391166764615e-05,0.9784932869219282,0.0,276
1.20793,1.20839,15,57,0.015004,5,0,5.6507391166764615e-05,0.978549794313095,0.0,277
1.20793,1.20839,20,55,0.015004,5,0,5.6507391166764615e-05,0.9786063017042618,0.0,278
1.20793,1.20839,22,25,0.015004,5,0,5.6507391166764615e-05,0.9786628090954286,0.0,279
1.20793,1.20839,22,35,0.015004,5,0,5.6507391166764615e-05,0.9787193164865954,0.0,280
1.20793,1.20839,25,55,0.015004,5,0,5.6507391166764615e-05,0.9787758238777622,0.0,281
1.20793,1.20839,32,36,0.015004,5,0,5.6507391166764615e-05,0.978832331268929,0.0,282
1.5406,1.54439,4,65,0.013,5,0,5.6507391166764615e-05,0.9788888386600958,0.0,283
1.5406,1.54439,5,55,0.020458,5,0,5.6507391166764615e-05,0.9789453460512626,0.0,284
1.5406,1.54439,5,75,0.020458,5,0,5.6507391166764615e-05,0.9790018534424294,0.0,285
1.5406,1.54439,5,89,0.020458,5,0,5.6507391166764615e-05,0.9790583608335962,0.0,286
1.5406,1.54439,10,22,0.010231,5,0,5.6507391166764615e-05,0.979114868224763,0.0,287
1.5406,1.54439,10,50,0.020458,5,0,5.6507391166764615e-05,0.9791713756159298,0.0,288
1.5406,1.54439,10,51,0.020458,5,0,5.6507391166764615e-05,0.9792278830070966,0.0,289
1.5406,1.54439,10,63,0.020458,5,0,5.6507391166764615e-05,0.9792843903982634,0.0,290
1.5406,1.54439,10,90,0.150341,5,0,5.6507391166764615e-05,0.9793408977894302,0.0,291
1.5406,1.54439,10,105,0.020458,5,0,5.6507391166764615e-05,0.979397405180597,0.0,292
1.5406,1.54439,10,121,0.015346,5,0,5.6507391166764615e-05,0.9794539125717638,0.0,293
1.5406,1.54439,15,70,0.020458,5,0,5.6507391166764615e-05,0.9795104199629306,0.0,294
1.5406,1.54439,20,91,0.015346,5,0,5.6507391166764615e-05,0.9795669273540974,0.0,295
1.5406,1.54439,20,110,0.010231,5,0,5.6507391166764615e-05,0.9796234347452643,0.0,296
1.5406,,2,80,0.01,5,5,5.6507391166764615e-05,0.9796799421364311,0.0023629489603024575,297
1.5406,,3,80,0.01,5,5,5.6507391166764615e-05,0.9797364495275979,0.0023629489603024575,298
1.5482,,6,152,0.05,5,5,5.6507391166764615e-05,0.9797929569187647,0.0023629489603024575,299
,,1,26,0.01,5,5,5.6507391166764615e-05,0.9798494643099315,0.0023629489603024575,300
,,1,33,0.01,5,5,5.6507391166764615e-05,0.9799059717010983,0.0023629489603024575,301
,,2,49,0.004,5,5,5.6507391166764615e-05,0.9799624790922651,0.0023629489603024575,302
,,35,70,0.019438,5,0,5.6507391166764615e-05,0.9800189864834319,0.0,303
0.3252,,2,30,0.003,4,4,4.520591293341169e-05,0.9800641923963653,0.001890359168241966,304
0.3685,,0,32,0.014323,4,4,4.520591293341169e-05,0.9801093983092988,0.001890359168241966,305
0.7093,0.71359,1,50,0.01671,4,4,4.520591293341169e-05,0.9801546042222322,0.001890359168241966,306
1.20793,1.20839,1,7,0.015004,4,0,4.520591293341169e-05,0.9801998101351657,0.0,307
1.20793,1.20839,2,52,0.015004,4,0,4.520591293341169e-05,0.9802450160480991,0.0,308
1.20793,1.20839,3,66,0.015004,4,0,4.520591293341169e-05,0.9802902219610325,0.0,309
1.20793,1.20839,10,35,0.015004,4,0,4.520591293341169e-05,0.980335427873966,0.0,310
1.20793,1.20839,10,60,0.060081,4,0,4.520591293341169e-05,0.9803806337868994,0.0,311
1.20793,1.20839,10,71,0.015004,4,0,4.520591293341169e-05,0.9804258396998329,0.0,312
1.20793,1.20839,10,90,0.017392,4,0,4.520591293341169e-05,0.9804710456127663,0.0,313
1.20793,1.20839,10,95,0.015004,4,0,4.520591293341169e-05,0.9805162515256998,0.0,314
1.20793,1.20839,12,60,0.015004,4,0,4.520591293341169e-05,0.9805614574386332,0.0,315
1.20793,1.20839,14,31,0.015004,4,0,4.520591293341169e-05,0.9806066633515667,0.0,316
1.20793,1.20839,15,33,0.015004,4,0,4.520591293341169e-05,0.9806518692645001,0.0,317
1.20793,1.20839,20,51,0.03,4,0,4.520591293341169e-05,0.9806970751774335,0.0,318
1.20793,1.20839,21,40,0.015004,4,0,4.520591293341169e-05,0.980742281090367,0.0,319
1.20793,1.20839,25,45,0.015004,4,0,4.520591293341169e-05,0.9807874870033004,0.0,320
1.20793,1.20839,25,60,0.015004,4,0,4.520591293341169e-05,0.9808326929162339,0.0,321
1.20793,1.20839,26,32,0.015004,4,0,4.520591293341169e-05,0.9808778988291673,0.0,322
1.5406,1.54439,2,70,0.01,4,4,4.520591293341169e-05,0.9809231047421008,0.001890359168241966,323
1.5406,1.54439,5,39,0.012277,4,0,4.520591293341169e-05,0.9809683106550342,0.0,324
1.5406,1.54439,5,70,0.011254,4,0,4.520591293341169e-05,0.9810135165679676,0.0,325
1.5406,1.54439,5,80,0.012277,4,0,4.520591293341169e-05,0.9810587224809011,0.0,326
1.5406,1.54439,5,80,0.024545,4,0,4.520591293341169e-05,0.9811039283938345,0.0,327
1.5406,1.54439,5,140,0.02,4,0,4.520591293341169e-05,0.981149134306768,0.0,328
1.5406,1.54439,10,60,0.05,4,0,4.520591293341169e-05,0.9811943402197014,0.0,329
1.5406,1.54439,10,80,0.02,4,3,4.520591293341169e-05,0.9812395461326349,0.0014177693761814746,330
1.5406,1.54439,10,80,0.021484,4,0,4.520591293341169e-05,0.9812847520455683,0.0,331
1.5406,1.54439,10,80,0.12,4,4,4.520591293341169e-05,0.9813299579585018,0.001890359168241966,332
1.5406,1.54439,10,90,0.204545,4,0,4.520591293341169e-05,0.9813751638714352,0.0,333
1.5406,1.54439,10,91,0.011254,4,0,4.520591293341169e-05,0.9814203697843686,0.0,334
1.5406,1.54439,10,93,0.012277,4,0,4.520591293341169e-05,0.9814655756973021,0.0,335
1.5406,1.54439,10,120,0.015346,4,0,4.520591293341169e-05,0.9815107816102355,0.0,336
1.5406,1.54439,10,130,0.020458,4,2,4.520591293341169e-05,0.981555987523169,0.000945179584120983,337
1.5406,1.54439,10,140,0.010231,4,0,4.520591293341169e-05,0.9816011934361024,0.0,338
1.5406,1.54439,15,92,0.020458,4,0,4.520591293341169e-05,0.9816463993490359,0.0,339
1.5406,1.54439,20,30,0.008185,4,0,4.520591293341169e-05,0.9816916052619693,0.0,340
1.5406,1.54439,20,100,0.020458,4,0,4.520591293341169e-05,0.9817368111749027,0.0,341
1.5406,1.54439,20,130,0.020458,4,0,4.520591293341169e-05,0.9817820170878362,0.0,342
1.5406,1.54439,20,140,0.010231,4,0,4.520591293341169e-05,0.9818272230007696,0.0,343
1.5406,1.54439,20,140,0.020458,4,0,4.520591293341169e-05,0.9818724289137031,0.0,344
1.5406,1.54439,24,46,0.010231,4,0,4.520591293341169e-05,0.9819176348266365,0.0,345
1.5406,1.54439,30,100,0.020458,4,0,4.520591293341169e-05,0.98196284073957,0.0,346
1.5406,1.54439,30,140,0.010231,4,0,4.520591293341169e-05,0.9820080466525034,0.0,347
1.5406,1.54439,30,145,0.010231,4,0,4.520591293341169e-05,0.9820532525654369,0.0,348
1.5406,1.54439,33,39,0.020458,4,0,4.520591293341169e-05,0.9820984584783703,0.0,349
1.5406,1.54439,35,80,0.020458,4,0,4.520591293341169e-05,0.9821436643913037,0.0,350
1.5406,1.54439,78,80,0.020458,4,0,4.520591293341169e-05,0.9821888703042372,0.0,351
1.5406,,2,120,0.02,4,4,4.520591293341169e-05,0.9822340762171706,0.001890359168241966,352
1.5406,,3,72,0.015004,4,4,4.520591293341169e-05,0.9822792821301041,0.001890359168241966,353
1.5418,,5,70,0.013,4,4,4.520591293341169e-05,0.9823244880430375,0.001890359168241966,354
1.5482,,10,152,0.05,4,4,4.520591293341169e-05,0.982369693955971,0.001890359168241966,355
1.790276,,15,75,0.017,4,4,4.520591293341169e-05,0.9824148998689044,0.001890359168241966,356
2.4,,0,151,0.05,4,4,4.520591293341169e-05,0.9824601057818378,0.001890359168241966,357
,,1,50,0.01671,4,4,4.520591293341169e-05,0.9825053116947713,0.001890359168241966,358
,,3,40,0.02,4,4,4.520591293341169e-05,0.9825505176077047,0.001890359168241966,359
,,3,135,0.05,4,4,4.520591293341169e-05,0.9825957235206382,0.001890359168241966,360
,,10,140,0.013,4,4,4.520591293341169e-05,0.9826409294335716,0.001890359168241966,361
,,15,65,0.015346,4,0,4.520591293341169e-05,0.9826861353465051,0.0,362
,,15,85,0.020458,4,0,4.520591293341169e-05,0.9827313412594385,0.0,363
,,15,100,0.05,4,4,4.520591293341169e-05,0.982776547172372,0.001890359168241966,364
,,20,60,0.020458,4,0,4.520591293341169e-05,0.9828217530853054,0.0,365
0.22542,,2,10,0.005,3,3,3.3904434700058765e-05,0.9828556575200055,0.0014177693761814746,366
0.3685,,0,31,0.014323,3,3,3.3904434700058765e-05,0.9828895619547056,0.0014177693761814746,367
0.41244,,2,50,0.001,3,3,3.3904434700058765e-05,0.9829234663894056,0.0014177693761814746,368
0.41383,,3,50,0.001,3,3,3.3904434700058765e-05,0.9829573708241057,0.0014177693761814746,369
0.49527,,2,78,0.006,3,3,3.3904434700058765e-05,0.9829912752588058,0.0014177693761814746,370
0.50021,,4,34,0.01,3,3,3.3904434700058765e-05,0.9830251796935059,0.0014177693761814746,371
0.51446,,1,26,0.01,3,3,3.3904434700058765e-05,0.983059084128206,0.0014177693761814746,372
0.7085,,1,60,0.0036,3,3,3.3904434700058765e-05,0.9830929885629061,0.0014177693761814746,373
0.72768,,2,22,0.008185,3,3,3.3904434700058765e-05,0.9831268929976061,0.0014177693761814746,374
0.72768,,2,47,0.01,3,3,3.3904434700058765e-05,0.9831607974323062,0.0014177693761814746,375
0.72768,,3,22,0.008185,3,3,3.3904434700058765e-05,0.9831947018670063,0.0014177693761814746,376
0.82449,,4,42,0.015004,3,3,3.3904434700058765e-05,0.9832286063017064,0.0014177693761814746,377
1.20793,1.20839,2,30,0.015004,3,0,3.3904434700058765e-05,0.9832625107364065,0.0,378
1.20793,1.20839,3,71,0.015004,3,0,3.3904434700058765e-05,0.9832964151711066,0.0,379
1.20793,1.20839,5,30,0.015004,3,0,3.3904434700058765e-05,0.9833303196058066,0.0,380
1.20793,1.20839,5,61,0.015004,3,0,3.3904434700058765e-05,0.9833642240405067,0.0,381
1.20793,1.20839,10,41,0.015004,3,0,3.3904434700058765e-05,0.9833981284752068,0.0,382
1.20793,1.20839,10,91,0.029669,3,0,3.3904434700058765e-05,0.9834320329099069,0.0,383
1.20793,1.20839,10,91,0.065808,3,0,3.3904434700058765e-05,0.983465937344607,0.0,384
1.20793,1.20839,10,111,0.015004,3,0,3.3904434700058765e-05,0.983499841779307,0.0,385
1.20793,1.20839,14,32,0.015004,3,0,3.3904434700058765e-05,0.9835337462140071,0.0,386
1.20793,1.20839,15,61,0.015004,3,0,3.3904434700058765e-05,0.9835676506487072,0.0,387
1.20793,1.20839,15,80,0.015004,3,0,3.3904434700058765e-05,0.9836015550834073,0.0,388
1.20793,1.20839,20,26,0.015004,3,0,3.3904434700058765e-05,0.9836354595181074,0.0,389
1.20793,1.20839,20,61,0.015004,3,0,3.3904434700058765e-05,0.9836693639528075,0.0,390
1.20793,1.20839,25,40,0.015004,3,0,3.3904434700058765e-05,0.9837032683875075,0.0,391
1.20793,1.20839,25,70,0.015004,3,0,3.3904434700058765e-05,0.9837371728222076,0.0,392
1.20793,1.20839,28,40,0.015004,3,0,3.3904434700058765e-05,0.9837710772569077,0.0,393
1.20793,1.20839,28,41,0.015004,3,0,3.3904434700058765e-05,0.9838049816916078,0.0,394
1.20793,1.20839,32,42,0.015004,3,0,3.3904434700058765e-05,0.9838388861263079,0.0,395
1.20793,1.20839,32,44,0.015004,3,0,3.3904434700058765e-05,0.983872790561008,0.0,396
1.20793,1.20839,51,56,0.015004,3,0,3.3904434700058765e-05,0.983906694995708,0.0,397
1.249,,6,139,0.05,3,3,3.3904434700058765e-05,0.9839405994304081,0.0014177693761814746,398
1.5406,1.54439,5,50,0.010231,3,3,3.3904434700058765e-05,0.9839745038651082,0.0014177693761814746,399
1.5406,1.54439,5,70,0.008185,3,0,3.3904434700058765e-05,0.9840084082998083,0.0,400
1.5406,1.54439,5,120,0.013,3,3,3.3904434700058765e-05,0.9840423127345084,0.0014177693761814746,401
1.5406,1.54439,8,71,0.020458,3,0,3.3904434700058765e-05,0.9840762171692085,0.0,402
1.5406,1.54439,10,75,0.014323,3,0,3.3904434700058765e-05,0.9841101216039085,0.0,403
1.5406,1.54439,10,80,0.052177,3,0,3.3904434700058765e-05,0.9841440260386086,0.0,404
1.5406,1.54439,10,90,0.200455,3,0,3.3904434700058765e-05,0.9841779304733087,0.0,405
1.5406,1.54439,10,100,0.0399,3,0,3.3904434700058765e-05,0.9842118349080088,0.0,406
1.5406,1.54439,15,75,0.019438,3,0,3.3904434700058765e-05,0.9842457393427089,0.0,407
1.5406,1.54439,16,72,0.020458,3,0,3.3904434700058765e-05,0.984279643777409,0.0,408
1.5406,1.54439,18,91,0.015346,3,0,3.3904434700058765e-05,0.984313548212109,0.0,409
1.5406,1.54439,20,50,0.020458,3,0,3.3904434700058765e-05,0.9843474526468091,0.0,410
1.5406,1.54439,20,61,0.020458,3,0,3.3904434700058765e-05,0.9843813570815092,0.0,411
1.5406,1.54439,20,70,0.011254,3,0,3.3904434700058765e-05,0.9844152615162093,0.0,412
1.5406,1.54439,20,70,0.05,3,0,3.3904434700058765e-05,0.9844491659509094,0.0,413
1.5406,1.54439,20,90,0.015004,3,0,3.3904434700058765e-05,0.9844830703856094,0.0,414
1.5406,1.54439,20,91,0.020458,3,0,3.3904434700058765e-05,0.9845169748203095,0.0,415
1.5406,1.54439,20,120,0.024545,3,0,3.3904434700058765e-05,0.9845508792550096,0.0,416
1.5406,1.54439,24,60,0.020458,3,0,3.3904434700058765e-05,0.9845847836897097,0.0,417
1.5406,1.54439,25,80,0.021484,3,0,3.3904434700058765e-05,0.9846186881244098,0.0,418
1.5406,1.54439,25,95,0.020458,3,0,3.3904434700058765e-05,0.9846525925591099,0.0,419
1.5406,1.54439,26,41,0.020458,3,0,3.3904434700058765e-05,0.98468649699381,0.0,420
1.5406,1.54439,30,52,0.040923,3,0,3.3904434700058765e-05,0.98472040142851,0.0,421
1.5406,1.54439,30,80,0.060361,3,0,3.3904434700058765e-05,0.9847543058632101,0.0,422
1.5406,1.54439,30,89,0.020458,3,0,3.3904434700058765e-05,0.9847882102979102,0.0,423
1.5406,1.54439,31,36,0.010231,3,0,3.3904434700058765e-05,0.9848221147326103,0.0,424
1.5406,1.54439,37,120,0.020458,3,0,3.3904434700058765e-05,0.9848560191673104,0.0,425
1.5406,1.54439,38,42,0.005,3,0,3.3904434700058765e-05,0.9848899236020104,0.0,426
1.5406,1.54439,40,60,0.020458,3,0,3.3904434700058765e-05,0.9849238280367105,0.0,427
1.5406,1.54439,67,72,0.020458,3,0,3.3904434700058765e-05,0.9849577324714106,0.0,428
1.5406,,0,2,0.0003,3,3,3.3904434700058765e-05,0.9849916369061107,0.0014177693761814746,429
1.5406,,2,91,0.015004,3,3,3.3904434700058765e-05,0.9850255413408108,0.0014177693761814746,430
1.5406,,3,100,0.005,3,3,3.3904434700058765e-05,0.9850594457755109,0.0014177693761814746,431
1.5406,,4,100,0.01,3,3,3.3904434700058765e-05,0.9850933502102109,0.0014177693761814746,432
1.5406,,5,100,0.02,3,3,3.3904434700058765e-05,0.985127254644911,0.0014177693761814746,433
1.5406,,10,100,0.005,3,3,3.3904434700058765e-05,0.9851611590796111,0.0014177693761814746,434
1.5418,,3,80,0.013,3,3,3.3904434700058765e-05,0.9851950635143112,0.0014177693761814746,435
1.5418,,7,40,0.010231,3,3,3.3904434700058765e-05,0.9852289679490113,0.0014177693761814746,436
1.5418,,20,132,0.062549,3,3,3.3904434700058765e-05,0.9852628723837114,0.0014177693761814746,437
1.788965,1.79285,10,94,0.01,3,0,3.3904434700058765e-05,0.9852967768184114,0.0,438
,,2,100,0.01,3,3,3.3904434700058765e-05,0.9853306812531115,0.0014177693761814746,439
,,5,60,0.020458,3,0,3.3904434700058765e-05,0.9853645856878116,0.0,440
,,6,160,0.05,3,3,3.3904434700058765e-05,0.9853984901225117,0.0014177693761814746,441
,,7,150,0.02,3,3,3.3904434700058765e-05,0.9854323945572118,0.0014177693761814746,442
,,8,143,0.05,3,3,3.3904434700058765e-05,0.9854662989919118,0.0014177693761814746,443
,,12,164,0.05,3,3,3.3904434700058765e-05,0.9855002034266119,0.0014177693761814746,444
,,15,75,0.019438,3,0,3.3904434700058765e-05,0.985534107861312,0.0,445
,,15,100,0.010231,3,3,3.3904434700058765e-05,0.9855680122960121,0.0014177693761814746,446
,,30,80,0.060361,3,0,3.3904434700058765e-05,0.9856019167307122,0.0,447
,,38,39,0.020458,3,0,3.3904434700058765e-05,0.9856358211654123,0.0,448
0.14276,,1,7,0.008185,2,2,2.2602956466705847e-05,0.985658424121879,0.000945179584120983,449
0.40086,,5,30,0.001,2,2,2.2602956466705847e-05,0.9856810270783457,0.000945179584120983,450
0.41244,,0,50,0.001,2,2,2.2602956466705847e-05,0.9857036300348124,0.000945179584120983,451
0.41383,,2,50,0.001,2,2,2.2602956466705847e-05,0.9857262329912791,0.000945179584120983,452
0.41421,,0,50,0.001,2,2,2.2602956466705847e-05,0.9857488359477459,0.000945179584120983,453
0.50918,,0,23,0.01,2,2,2.2602956466705847e-05,0.9857714389042126,0.000945179584120983,454
0.60505,,3,26,0.013,2,2,2.2602956466705847e-05,0.9857940418606793,0.000945179584120983,455
0.6124,,3,25,0.012277,2,2,2.2602956466705847e-05,0.985816644817146,0.000945179584120983,456
0.615183,,4,20,0.007,2,2,2.2602956466705847e-05,0.9858392477736128,0.000945179584120983,457
0.618323,,4,22,0.007,2,2,2.2602956466705847e-05,0.9858618507300795,0.000945179584120983,458
0.618323,,5,23,0.007,2,2,2.2602956466705847e-05,0.9858844536865462,0.000945179584120983,459
0.69938,,4,35,0.005,2,2,2.2602956466705847e-05,0.9859070566430129,0.000945179584120983,460
0.700077,,2,42,0.005,2,2,2.2602956466705847e-05,0.9859296595994796,0.000945179584120983,461
0.7093,0.71359,5,60,0.01,2,0,2.2602956466705847e-05,0.9859522625559464,0.0,462
0.7093,0.71359,5,60,0.016,2,0,2.2602956466705847e-05,0.9859748655124131,0.0,463
0.7093,0.71359,10,60,0.009676,2,0,2.2602956466705847e-05,0.9859974684688798,0.0,464
0.774912,0.774912,7,41,0.013,2,0,2.2602956466705847e-05,0.9860200714253465,0.0,465
0.774912,,1,30,0.0036,2,2,2.2602956466705847e-05,0.9860426743818133,0.000945179584120983,466
0.774912,,4,50,0.0036,2,2,2.2602956466705847e-05,0.98606527733828,0.000945179584120983,467
0.82538,,4,82,0.004,2,2,2.2602956466705847e-05,0.9860878802947467,0.000945179584120983,468
0.825993,,2,32,0.001,2,2,2.2602956466705847e-05,0.9861104832512134,0.000945179584120983,469
0.827154,,2,60,0.001,2,2,2.2602956466705847e-05,0.9861330862076801,0.000945179584120983,470
1.033787,,3,40,0.004,2,2,2.2602956466705847e-05,0.9861556891641469,0.000945179584120983,471
1.1545,,4,165,0.05,2,2,2.2602956466705847e-05,0.9861782921206136,0.000945179584120983,472
1.196155,,1,100,0.01,2,2,2.2602956466705847e-05,0.9862008950770803,0.000945179584120983,473
1.20793,1.20839,2,12,0.015004,2,0,2.2602956466705847e-05,0.986223498033547,0.0,474
1.20793,1.20839,2,40,0.015004,2,0,2.2602956466705847e-05,0.9862461009900138,0.0,475
1.20793,1.20839,3,21,0.015004,2,0,2.2602956466705847e-05,0.9862687039464805,0.0,476
1.20793,1.20839,3,38,0.015004,2,0,2.2602956466705847e-05,0.9862913069029472,0.0,477
1.20793,1.20839,5,50,0.015004,2,0,2.2602956466705847e-05,0.9863139098594139,0.0,478
1.20793,1.20839,5,92,0.015004,2,0,2.2602956466705847e-05,0.9863365128158806,0.0,479
1.20793,1.20839,5,105,0.015004,2,0,2.2602956466705847e-05,0.9863591157723474,0.0,480
1.20793,1.20839,10,16,0.015004,2,0,2.2602956466705847e-05,0.9863817187288141,0.0,481
1.20793,1.20839,10,20,0.015004,2,0,2.2602956466705847e-05,0.9864043216852808,0.0,482
1.20793,1.20839,10,30,0.015004,2,0,2.2602956466705847e-05,0.9864269246417475,0.0,483
1.20793,1.20839,10,40,0.056355,2,0,2.2602956466705847e-05,0.9864495275982142,0.0,484
1.20793,1.20839,10,45,0.015004,2,0,2.2602956466705847e-05,0.986472130554681,0.0,485
1.20793,1.20839,10,52,0.035029,2,0,2.2602956466705847e-05,0.9864947335111477,0.0,486
1.20793,1.20839,10,60,0.03,2,0,2.2602956466705847e-05,0.9865173364676144,0.0,487
1.20793,1.20839,10,90,0.016369,2,0,2.2602956466705847e-05,0.9865399394240811,0.0,488
1.20793,1.20839,10,90,0.018818,2,0,2.2602956466705847e-05,0.9865625423805479,0.0,489
1.20793,1.20839,10,90,0.021136,2,0,2.2602956466705847e-05,0.9865851453370146,0.0,490
1.20793,1.20839,10,90,0.03342,2,0,2.2602956466705847e-05,0.9866077482934813,0.0,491
1.20793,1.20839,10,91,0.022,2,0,2.2602956466705847e-05,0.986630351249948,0.0,492
1.20793,1.20839,10,110,0.015004,2,0,2.2602956466705847e-05,0.9866529542064147,0.0,493
1.20793,1.20839,14,30,0.015004,2,0,2.2602956466705847e-05,0.9866755571628815,0.0,494
1.20793,1.20839,15,27,0.015004,2,0,2.2602956466705847e-05,0.9866981601193482,0.0,495
1.20793,1.20839,15,40,0.015004,2,0,2.2602956466705847e-05,0.9867207630758149,0.0,496
1.20793,1.20839,15,55,0.015004,2,0,2.2602956466705847e-05,0.9867433660322816,0.0,497
1.20793,1.20839,15,65,0.015004,2,0,2.2602956466705847e-05,0.9867659689887484,0.0,498
1.20793,1.20839,15,90,0.015004,2,0,2.2602956466705847e-05,0.9867885719452151,0.0,499
1.20793,1.20839,15,100,0.014323,2,0,2.2602956466705847e-05,0.9868111749016818,0.0,500
1.20793,1.20839,15,100,0.016,2,0,2.2602956466705847e-05,0.9868337778581485,0.0,501
1.20793,1.20839,15,100,0.028371,2,0,2.2602956466705847e-05,0.9868563808146152,0.0,502
1.20793,1.20839,20,22,0.015004,2,0,2.2602956466705847e-05,0.986878983771082,0.0,503
1.20793,1.20839,20,33,0.060081,2,0,2.2602956466705847e-05,0.9869015867275487,0.0,504
1.20793,1.20839,20,34,0.015004,2,0,2.2602956466705847e-05,0.9869241896840154,0.0,505
1.20793,1.20839,20,40,0.0594,2,0,2.2602956466705847e-05,0.9869467926404821,0.0,506
1.20793,1.20839,20,45,0.015004,2,0,2.2602956466705847e-05,0.9869693955969489,0.0,507
1.20793,1.20839,20,56,0.015004,2,0,2.2602956466705847e-05,0.9869919985534156,0.0,508
1.20793,1.20839,20,98,0.015004,2,0,2.2602956466705847e-05,0.9870146015098823,0.0,509
1.20793,1.20839,23,32,0.060361,2,0,2.2602956466705847e-05,0.987037204466349,0.0,510
1.20793,1.20839,25,50,0.015004,2,0,2.2602956466705847e-05,0.9870598074228157,0.0,511
1.20793,1.20839,25,62,0.015004,2,0,2.2602956466705847e-05,0.9870824103792825,0.0,512
1.20793,1.20839,26,30,0.015004,2,0,2.2602956466705847e-05,0.9871050133357492,0.0,513
1.20793,1.20839,26,32,0.005,2,0,2.2602956466705847e-05,0.9871276162922159,0.0,514
1.20793,1.20839,27,30,0.015004,2,0,2.2602956466705847e-05,0.9871502192486826,0.0,515
1.20793,1.20839,28,32,0.015004,2,0,2.2602956466705847e-05,0.9871728222051493,0.0,516
1.20793,1.20839,28,34,0.015004,2,0,2.2602956466705847e-05,0.9871954251616161,0.0,517
1.20793,1.20839,28,62,0.015004,2,0,2.2602956466705847e-05,0.9872180281180828,0.0,518
1.20793,1.20839,30,41,0.015004,2,0,2.2602956466705847e-05,0.9872406310745495,0.0,519
1.20793,1.20839,30,50,0.015004,2,0,2.2602956466705847e-05,0.9872632340310162,0.0,520
1.20793,1.20839,30,60,0.015004,2,0,2.2602956466705847e-05,0.987285836987483,0.0,521
1.20793,1.20839,32,62,0.015004,2,0,2.2602956466705847e-05,0.9873084399439497,0.0,522
1.20793,1.20839,40,73,0.015004,2,0,2.2602956466705847e-05,0.9873310429004164,0.0,523
1.20793,1.20839,45,57,0.015004,2,0,2.2602956466705847e-05,0.9873536458568831,0.0,524
1.20793,1.20839,50,55,0.015004,2,0,2.2602956466705847e-05,0.9873762488133498,0.0,525
1.20793,1.20839,50,62,0.015004,2,0,2.2602956466705847e-05,0.9873988517698166,0.0,526
1.2252,,5,121,0.05,2,2,2.2602956466705847e-05,0.9874214547262833,0.000945179584120983,527
1.2252,,7,121,0.05,2,2,2.2602956466705847e-05,0.98744405768275,0.000945179584120983,528
1.5406,1.54439,0,10,0.05,2,0,2.2602956466705847e-05,0.9874666606392167,0.0,529
1.5406,1.54439,0,90,0.020458,2,0,2.2602956466705847e-05,0.9874892635956835,0.0,530
1.5406,1.54439,1,3,0.010231,2,0,2.2602956466705847e-05,0.9875118665521502,0.0,531
1.5406,1.54439,3,10,0.020458,2,0,2.2602956466705847e-05,0.9875344695086169,0.0,532
1.5406,1.54439,3,60,0.029669,2,2,2.2602956466705847e-05,0.9875570724650836,0.000945179584120983,533
1.5406,1.54439,3,70,0.020458,2,0,2.2602956466705847e-05,0.9875796754215503,0.0,534
1.5406,1.54439,4,60,0.01,2,2,2.2602956466705847e-05,0.9876022783780171,0.000945179584120983,535
1.5406,1.54439,4,60,0.02,2,2,2.2602956466705847e-05,0.9876248813344838,0.000945179584120983,536
1.5406,1.54439,5,25,0.020458,2,0,2.2602956466705847e-05,0.9876474842909505,0.0,537
1.5406,1.54439,5,50,0.204545,2,0,2.2602956466705847e-05,0.9876700872474172,0.0,538
1.5406,1.54439,5,51,0.029669,2,0,2.2602956466705847e-05,0.987692690203884,0.0,539
1.5406,1.54439,5,60,0.030692,2,0,2.2602956466705847e-05,0.9877152931603507,0.0,540
1.5406,1.54439,5,69,0.010231,2,0,2.2602956466705847e-05,0.9877378961168174,0.0,541
1.5406,1.54439,5,80,0.023531,2,0,2.2602956466705847e-05,0.9877604990732841,0.0,542
1.5406,1.54439,5,89,0.010231,2,0,2.2602956466705847e-05,0.9877831020297508,0.0,543
1.5406,1.54439,5,90,0.02,2,2,2.2602956466705847e-05,0.9878057049862176,0.000945179584120983,544
1.5406,1.54439,5,100,0.019438,2,0,2.2602956466705847e-05,0.9878283079426843,0.0,545
1.5406,1.54439,5,100,0.024545,2,0,2.2602956466705847e-05,0.987850910899151,0.0,546
1.5406,1.54439,5,120,0.01,2,2,2.2602956466705847e-05,0.9878735138556177,0.000945179584120983,547
1.5406,1.54439,5,120,0.020458,2,0,2.2602956466705847e-05,0.9878961168120844,0.0,548
1.5406,1.54439,5,130,0.020458,2,0,2.2602956466705847e-05,0.9879187197685512,0.0,549
1.5406,1.54439,7,100,0.020458,2,0,2.2602956466705847e-05,0.9879413227250179,0.0,550
1.5406,1.54439,8,50,0.104318,2,0,2.2602956466705847e-05,0.9879639256814846,0.0,551
1.5406,1.54439,10,40,0.029669,2,0,2.2602956466705847e-05,0.9879865286379513,0.0,552
1.5406,1.54439,10,50,0.010231,2,2,2.2602956466705847e-05,0.988009131594418,0.000945179584120983,553
1.5406,1.54439,10,60,0.010231,2,0,2.2602956466705847e-05,0.9880317345508848,0.0,554
1.5406,1.54439,10,60,0.02,2,2,2.2602956466705847e-05,0.9880543375073515,0.000945179584120983,555
1.5406,1.54439,10,70,0.0399,2,0,2.2602956466705847e-05,0.9880769404638182,0.0,556
1.5406,1.54439,10,75,0.018415,2,0,2.2602956466705847e-05,0.9880995434202849,0.0,557
1.5406,1.54439,10,75,0.020458,2,0,2.2602956466705847e-05,0.9881221463767517,0.0,558
1.5406,1.54439,10,75,0.042969,2,0,2.2602956466705847e-05,0.9881447493332184,0.0,559
1.5406,1.54439,10,80,0.016369,2,0,2.2602956466705847e-05,0.9881673522896851,0.0,560
1.5406,1.54439,10,80,0.019438,2,0,2.2602956466705847e-05,0.9881899552461518,0.0,561
1.5406,1.54439,10,89,0.204545,2,0,2.2602956466705847e-05,0.9882125582026186,0.0,562
1.5406,1.54439,10,90,0.011254,2,0,2.2602956466705847e-05,0.9882351611590853,0.0,563
1.5406,1.54439,10,90,0.05,2,1,2.2602956466705847e-05,0.988257764115552,0.0004725897920604915,564
1.5406,1.54439,10,91,0.014323,2,0,2.2602956466705847e-05,0.9882803670720187,0.0,565
1.5406,1.54439,10,93,0.052177,2,0,2.2602956466705847e-05,0.9883029700284854,0.0,566
1.5406,1.54439,10,95,0.008,2,0,2.2602956466705847e-05,0.9883255729849522,0.0,567
1.5406,1.54439,10,100,0.02,2,2,2.2602956466705847e-05,0.9883481759414189,0.000945179584120983,568
1.5406,1.54439,10,100,0.030692,2,0,2.2602956466705847e-05,0.9883707788978856,0.0,569
1.5406,1.54439,10,101,0.020458,2,0,2.2602956466705847e-05,0.9883933818543523,0.0,570
1.5406,1.54439,10,120,0.02,2,2,2.2602956466705847e-05,0.988415984810819,0.000945179584120983,571
1.5406,1.54439,10,141,0.009208,2,0,2.2602956466705847e-05,0.9884385877672858,0.0,572
1.5406,1.54439,11,90,0.204545,2,0,2.2602956466705847e-05,0.9884611907237525,0.0,573
1.5406,1.54439,12,60,0.020458,2,0,2.2602956466705847e-05,0.9884837936802192,0.0,574
1.5406,1.54439,14,80,0.010231,2,0,2.2602956466705847e-05,0.9885063966366859,0.0,575
1.5406,1.54439,15,35,0.020458,2,0,2.2602956466705847e-05,0.9885289995931527,0.0,576
1.5406,1.54439,15,50,0.060081,2,0,2.2602956466705847e-05,0.9885516025496194,0.0,577
1.5406,1.54439,15,60,0.010231,2,0,2.2602956466705847e-05,0.9885742055060861,0.0,578
1.5406,1.54439,15,62,0.029669,2,0,2.2602956466705847e-05,0.9885968084625528,0.0,579
1.5406,1.54439,15,65,0.015346,2,0,2.2602956466705847e-05,0.9886194114190195,0.0,580
1.5406,1.54439,15,75,0.029669,2,0,2.2602956466705847e-05,0.9886420143754863,0.0,581
1.5406,1.54439,15,90,0.015346,2,0,2.2602956466705847e-05,0.988664617331953,0.0,582
1.5406,1.54439,15,100,0.02,2,2,2.2602956466705847e-05,0.9886872202884197,0.000945179584120983,583
1.5406,1.54439,15,121,0.019438,2,0,2.2602956466705847e-05,0.9887098232448864,0.0,584
1.5406,1.54439,18,120,0.020458,2,0,2.2602956466705847e-05,0.9887324262013532,0.0,585
1.5406,1.54439,19,26,0.003,2,0,2.2602956466705847e-05,0.9887550291578199,0.0,586
1.5406,1.54439,20,25,0.010231,2,0,2.2602956466705847e-05,0.9887776321142866,0.0,587
1.5406,1.54439,20,61,0.200455,2,0,2.2602956466705847e-05,0.9888002350707533,0.0,588
1.5406,1.54439,20,66,0.019438,2,0,2.2602956466705847e-05,0.98882283802722,0.0,589
1.5406,1.54439,20,80,0.015346,2,0,2.2602956466705847e-05,0.9888454409836868,0.0,590
1.5406,1.54439,20,90,0.016369,2,0,2.2602956466705847e-05,0.9888680439401535,0.0,591
1.5406,1.54439,20,90,0.040923,2,0,2.2602956466705847e-05,0.9888906468966202,0.0,592
1.5406,1.54439,20,145,0.010231,2,0,2.2602956466705847e-05,0.9889132498530869,0.0,593
1.5406,1.54439,20,145,0.020458,2,0,2.2602956466705847e-05,0.9889358528095537,0.0,594
1.5406,1.54439,21,44,0.020458,2,0,2.2602956466705847e-05,0.9889584557660204,0.0,595
1.5406,1.54439,24,34,0.020458,2,0,2.2602956466705847e-05,0.9889810587224871,0.0,596
1.5406,1.54439,25,90,0.031715,2,0,2.2602956466705847e-05,0.9890036616789538,0.0,597
1.5406,1.54439,28,33,0.010231,2,0,2.2602956466705847e-05,0.9890262646354205,0.0,598
1.5406,1.54439,28,45,0.029669,2,0,2.2602956466705847e-05,0.9890488675918873,0.0,599
1.5406,1.54439,29,34,0.020458,2,0,2.2602956466705847e-05,0.989071470548354,0.0,600
1.5406,1.54439,30,65,0.001,2,0,2.2602956466705847e-05,0.9890940735048207,0.0,601
1.5406,1.54439,33,140,0.020458,2,0,2.2602956466705847e-05,0.9891166764612874,0.0,602
1.5406,1.54439,40,43,0.010231,2,0,2.2602956466705847e-05,0.9891392794177541,0.0,603
1.5406,1.54439,40,45,0.010231,2,0,2.2602956466705847e-05,0.9891618823742209,0.0,604
1.5406,1.54439,40,80,0.024545,2,0,2.2602956466705847e-05,0.9891844853306876,0.0,605
1.5406,,3,60,0.02,2,2,2.2602956466705847e-05,0.9892070882871543,0.000945179584120983,606
1.5406,,3,73,0.015004,2,2,2.2602956466705847e-05,0.989229691243621,0.000945179584120983,607
1.5406,,3,168,0.05,2,2,2.2602956466705847e-05,0.9892522942000878,0.000945179584120983,608
1.5406,,4,65,0.01,2,2,2.2602956466705847e-05,0.9892748971565545,0.000945179584120983,609
1.5406,,4,80,0.01,2,2,2.2602956466705847e-05,0.9892975001130212,0.000945179584120983,610
1.5406,,4,90,0.01,2,2,2.2602956466705847e-05,0.9893201030694879,0.000945179584120983,611
1.5406,,5,90,0.02,2,2,2.2602956466705847e-05,0.9893427060259546,0.000945179584120983,612
1.5406,,5,101,0.02,2,2,2.2602956466705847e-05,0.9893653089824214,0.000945179584120983,613
1.5406,,6,60,0.009676,2,2,2.2602956466705847e-05,0.9893879119388881,0.000945179584120983,614
1.5406,,10,100,0.01,2,2,2.2602956466705847e-05,0.9894105148953548,0.000945179584120983,615
1.5406,,10,120,0.0066,2,2,2.2602956466705847e-05,0.9894331178518215,0.000945179584120983,616
1.5406,,10,120,0.02,2,2,2.2602956466705847e-05,0.9894557208082883,0.000945179584120983,617
1.5406,,15,117,0.02,2,2,2.2602956466705847e-05,0.989478323764755,0.000945179584120983,618
1.5406,,15,120,0.02,2,2,2.2602956466705847e-05,0.9895009267212217,0.000945179584120983,619
1.5406,,15,151,0.01671,2,2,2.2602956466705847e-05,0.9895235296776884,0.000945179584120983,620
1.5418,,1,60,0.008,2,2,2.2602956466705847e-05,0.9895461326341551,0.000945179584120983,621
1.5418,,3,60,0.013,2,2,2.2602956466705847e-05,0.9895687355906219,0.000945179584120983,622
1.5418,,4,65,0.013,2,2,2.2602956466705847e-05,0.9895913385470886,0.000945179584120983,623
1.5418,,5,60,0.013,2,2,2.2602956466705847e-05,0.9896139415035553,0.000945179584120983,624
1.5418,,5,100,0.02,2,2,2.2602956466705847e-05,0.989636544460022,0.000945179584120983,625
1.5418,,7,60,0.014323,2,2,2.2602956466705847e-05,0.9896591474164887,0.000945179584120983,626
1.5418,,7,100,0.02,2,2,2.2602956466705847e-05,0.9896817503729555,0.000945179584120983,627
1.5418,,10,85,0.02,2,2,2.2602956466705847e-05,0.9897043533294222,0.000945179584120983,628
1.5418,,10,110,0.020458,2,2,2.2602956466705847e-05,0.9897269562858889,0.000945179584120983,629
1.5482,,9,152,0.05,2,2,2.2602956466705847e-05,0.9897495592423556,0.000945179584120983,630
1.5556,,10,130,0.05,2,2,2.2602956466705847e-05,0.9897721621988224,0.000945179584120983,631
1.558,,10,130,0.05,2,2,2.2602956466705847e-05,0.9897947651552891,0.000945179584120983,632
1.788965,1.79285,10,80,0.01,2,0,2.2602956466705847e-05,0.9898173681117558,0.0,633
1.788965,1.79285,10,90,0.01,2,0,2.2602956466705847e-05,0.9898399710682225,0.0,634
1.788965,,5,90,0.013,2,2,2.2602956466705847e-05,0.9898625740246892,0.000945179584120983,635
2.4388,,3,164,0.05,2,2,2.2602956466705847e-05,0.989885176981156,0.000945179584120983,636
2.4395,,3,164,0.05,2,2,2.2602956466705847e-05,0.9899077799376227,0.000945179584120983,637
,,2,30,0.003,2,2,2.2602956466705847e-05,0.9899303828940894,0.000945179584120983,638
,,2,82,0.004,2,2,2.2602956466705847e-05,0.9899529858505561,0.000945179584120983,639
,,4,90,0.013,2,2,2.2602956466705847e-05,0.9899755888070229,0.000945179584120983,640
,,5,70,0.020458,2,2,2.2602956466705847e-05,0.9899981917634896,0.000945179584120983,641
,,5,100,0.020458,2,2,2.2602956466705847e-05,0.9900207947199563,0.000945179584120983,642
,,5,110,0.02,2,2,2.2602956466705847e-05,0.990043397676423,0.000945179584120983,643
,,6,80,0.02,2,2,2.2602956466705847e-05,0.9900660006328897,0.000945179584120983,644
,,7,160,0.05,2,2,2.2602956466705847e-05,0.9900886035893565,0.000945179584120983,645
,,10,70,0.020458,2,0,2.2602956466705847e-05,0.9901112065458232,0.0,646
,,10,75,0.019438,2,0,2.2602956466705847e-05,0.9901338095022899,0.0,647
,,10,75,0.020458,2,0,2.2602956466705847e-05,0.9901564124587566,0.0,648
,,10,90,0.02,2,2,2.2602956466705847e-05,0.9901790154152234,0.000945179584120983,649
,,10,120,0.0105,2,0,2.2602956466705847e-05,0.9902016183716901,0.0,650
,,10,120,0.026,2,2,2.2602956466705847e-05,0.9902242213281568,0.000945179584120983,651
,,15,100,0.01671,2,2,2.2602956466705847e-05,0.9902468242846235,0.000945179584120983,652
,,15,100,0.02,2,2,2.2602956466705847e-05,0.9902694272410902,0.000945179584120983,653
,,20,90,0.020458,2,0,2.2602956466705847e-05,0.990292030197557,0.0,654
,,30,145,0.020458,2,0,2.2602956466705847e-05,0.9903146331540237,0.0,655
0.14276,,1,9,0.008185,1,1,1.1301478233352923e-05,0.990325934632257,0.0004725897920604915,656
0.20738,,0,12,0.005,1,1,1.1301478233352923e-05,0.9903372361104904,0.0004725897920604915,657
0.23369,,1,18,0.009676,1,1,1.1301478233352923e-05,0.9903485375887238,0.0004725897920604915,658
0.334971,,1,28,0.005,1,1,1.1301478233352923e-05,0.9903598390669571,0.0004725897920604915,659
0.354225,,0,20,0.002,1,1,1.1301478233352923e-05,0.9903711405451905,0.0004725897920604915,660
0.354225,,1,33,0.004,1,1,1.1301478233352923e-05,0.9903824420234238,0.0004725897920604915,661
0.354225,,2,35,0.002,1,1,1.1301478233352923e-05,0.9903937435016572,0.0004725897920604915,662
0.354225,,2,40,0.0015,1,1,1.1301478233352923e-05,0.9904050449798906,0.0004725897920604915,663
0.3685,,0,28,0.014323,1,1,1.1301478233352923e-05,0.9904163464581239,0.0004725897920604915,664
0.3685,,0,33,0.014323,1,1,1.1301478233352923e-05,0.9904276479363573,0.0004725897920604915,665
0.3685,,0,34,0.014323,1,1,1.1301478233352923e-05,0.9904389494145907,0.0004725897920604915,666
0.373806,,0,36,0.017392,1,1,1.1301478233352923e-05,0.990450250892824,0.0004725897920604915,667
0.373806,,1,50,0.001,1,1,1.1301478233352923e-05,0.9904615523710574,0.0004725897920604915,668
0.39996,,2,20,0.002,1,1,1.1301478233352923e-05,0.9904728538492907,0.0004725897920604915,669
0.39996,,2,21,0.002,1,1,1.1301478233352923e-05,0.9904841553275241,0.0004725897920604915,670
0.39996,,2,22,0.002,1,1,1.1301478233352923e-05,0.9904954568057575,0.0004725897920604915,671
0.39996,,2,34,0.002,1,1,1.1301478233352923e-05,0.9905067582839908,0.0004725897920604915,672
0.39996,,2,35,0.002,1,1,1.1301478233352923e-05,0.9905180597622242,0.0004725897920604915,673
0.39996,,2,40,0.002,1,1,1.1301478233352923e-05,0.9905293612404575,0.0004725897920604915,674
0.39996,,3,32,0.002,1,1,1.1301478233352923e-05,0.9905406627186909,0.0004725897920604915,675
0.40086,,1,28,0.004,1,1,1.1301478233352923e-05,0.9905519641969243,0.0004725897920604915,676
0.410639,,2,16,0.002,1,1,1.1301478233352923e-05,0.9905632656751576,0.0004725897920604915,677
0.411285,,2,23,0.01175,1,1,1.1301478233352923e-05,0.990574567153391,0.0004725897920604915,678
0.411285,,4,15,0.019438,1,1,1.1301478233352923e-05,0.9905858686316243,0.0004725897920604915,679
0.41244,,0,45,0.001,1,1,1.1301478233352923e-05,0.9905971701098577,0.0004725897920604915,680
0.41244,,1,28,0.001,1,1,1.1301478233352923e-05,0.9906084715880911,0.0004725897920604915,681
0.41244,,2,13,0.001,1,1,1.1301478233352923e-05,0.9906197730663244,0.0004725897920604915,682
0.41244,,2,25,0.001,1,1,1.1301478233352923e-05,0.9906310745445578,0.0004725897920604915,683
0.41244,,2,26,0.001,1,1,1.1301478233352923e-05,0.9906423760227911,0.0004725897920604915,684
0.41244,,2,28,0.001,1,1,1.1301478233352923e-05,0.9906536775010245,0.0004725897920604915,685
0.41244,,2,38,0.001,1,1,1.1301478233352923e-05,0.9906649789792579,0.0004725897920604915,686
0.41383,,1,25,0.001,1,1,1.1301478233352923e-05,0.9906762804574912,0.0004725897920604915,687
0.41383,,1,38,0.001,1,1,1.1301478233352923e-05,0.9906875819357246,0.0004725897920604915,688
0.41383,,1,40,0.001,1,1,1.1301478233352923e-05,0.990698883413958,0.0004725897920604915,689
0.41421,,3,28,0.0088,1,1,1.1301478233352923e-05,0.9907101848921913,0.0004725897920604915,690
0.41421,,6,22,0.0088,1,1,1.1301478233352923e-05,0.9907214863704247,0.0004725897920604915,691
0.41916,,4,53,0.01,1,1,1.1301478233352923e-05,0.990732787848658,0.0004725897920604915,692
0.4246,,1,34,0.001,1,1,1.1301478233352923e-05,0.9907440893268914,0.0004725897920604915,693
0.4246,,2,7,0.009676,1,1,1.1301478233352923e-05,0.9907553908051248,0.0004725897920604915,694
0.4246,,4,7,0.009676,1,1,1.1301478233352923e-05,0.9907666922833581,0.0004725897920604915,695
0.43046,,3,34,0.001,1,1,1.1301478233352923e-05,0.9907779937615915,0.0004725897920604915,696
0.442848,,0,52,0.006,1,1,1.1301478233352923e-05,0.9907892952398248,0.0004725897920604915,697
0.442848,,1,15,0.003,1,1,1.1301478233352923e-05,0.9908005967180582,0.0004725897920604915,698
0.45777,,2,30,0.001,1,1,1.1301478233352923e-05,0.9908118981962916,0.0004725897920604915,699
0.45875,,1,22,0.001,1,1,1.1301478233352923e-05,0.9908231996745249,0.0004725897920604915,700
0.45875,,1,34,0.001,1,1,1.1301478233352923e-05,0.9908345011527583,0.0004725897920604915,701
0.4958,,2,44,0.001,1,1,1.1301478233352923e-05,0.9908458026309916,0.0004725897920604915,702
0.498358,,1,47,0.005,1,1,1.1301478233352923e-05,0.990857104109225,0.0004725897920604915,703
0.50021,,3,35,0.004,1,1,1.1301478233352923e-05,0.9908684055874584,0.0004725897920604915,704
0.50021,,3,48,0.01,1,1,1.1301478233352923e-05,0.9908797070656917,0.0004725897920604915,705
0.50021,,3,55,0.01,1,1,1.1301478233352923e-05,0.9908910085439251,0.0004725897920604915,706
0.50021,,4,32,0.01,1,1,1.1301478233352923e-05,0.9909023100221585,0.0004725897920604915,707
0.50021,,4,53,0.01,1,1,1.1301478233352923e-05,0.9909136115003918,0.0004725897920604915,708
0.50021,,4,62,0.01,1,1,1.1301478233352923e-05,0.9909249129786252,0.0004725897920604915,709
0.51353,,4,31,0.0057,1,1,1.1301478233352923e-05,0.9909362144568585,0.0004725897920604915,710
0.520193,,1,46,0.002,1,1,1.1301478233352923e-05,0.9909475159350919,0.0004725897920604915,711
0.60665,,2,25,0.012277,1,1,1.1301478233352923e-05,0.9909588174133253,0.0004725897920604915,712
0.60665,,4,22,0.011,1,1,1.1301478233352923e-05,0.9909701188915586,0.0004725897920604915,713
0.60665,,5,22,0.011,1,1,1.1301478233352923e-05,0.990981420369792,0.0004725897920604915,714
0.61072,,0,36,0.007,1,1,1.1301478233352923e-05,0.9909927218480253,0.0004725897920604915,715
0.6124,,3,35,0.017392,1,1,1.1301478233352923e-05,0.9910040233262587,0.0004725897920604915,716
0.615183,,2,23,0.007,1,1,1.1301478233352923e-05,0.9910153248044921,0.0004725897920604915,717
0.618323,,2,23,0.007,1,1,1.1301478233352923e-05,0.9910266262827254,0.0004725897920604915,718
0.6202,,0,63,0.005,1,1,1.1301478233352923e-05,0.9910379277609588,0.0004725897920604915,719
0.63556,,4,68,0.006,1,1,1.1301478233352923e-05,0.9910492292391921,0.0004725897920604915,720
0.64895,,4,44,0.003,1,1,1.1301478233352923e-05,0.9910605307174255,0.0004725897920604915,721
0.65297,,4,47,0.003,1,1,1.1301478233352923e-05,0.9910718321956589,0.0004725897920604915,722
0.65297,,4,49,0.003,1,1,1.1301478233352923e-05,0.9910831336738922,0.0004725897920604915,723
0.67132,,2,20,0.004,1,1,1.1301478233352923e-05,0.9910944351521256,0.0004725897920604915,724
0.687514,,3,78,0.004,1,1,1.1301478233352923e-05,0.991105736630359,0.0004725897920604915,725
0.68886,,2,42,0.01,1,1,1.1301478233352923e-05,0.9911170381085923,0.0004725897920604915,726
0.68886,,3,50,0.010231,1,1,1.1301478233352923e-05,0.9911283395868257,0.0004725897920604915,727
0.68886,,3,50,0.0105,1,1,1.1301478233352923e-05,0.991139641065059,0.0004725897920604915,728
0.68886,,4,50,0.0105,1,1,1.1301478233352923e-05,0.9911509425432924,0.0004725897920604915,729
0.68886,,5,39,0.008,1,1,1.1301478233352923e-05,0.9911622440215258,0.0004725897920604915,730
0.68886,,5,40,0.008,1,1,1.1301478233352923e-05,0.9911735454997591,0.0004725897920604915,731
0.697106,,1,41,0.005,1,1,1.1301478233352923e-05,0.9911848469779925,0.0004725897920604915,732
0.697106,,2,49,0.005,1,1,1.1301478233352923e-05,0.9911961484562258,0.0004725897920604915,733
0.697106,,3,40,0.005,1,1,1.1301478233352923e-05,0.9912074499344592,0.0004725897920604915,734
0.697106,,5,45,0.005,1,1,1.1301478233352923e-05,0.9912187514126926,0.0004725897920604915,735
0.697106,,6,46,0.005,1,1,1.1301478233352923e-05,0.9912300528909259,0.0004725897920604915,736
0.69846,,3,40,0.005,1,1,1.1301478233352923e-05,0.9912413543691593,0.0004725897920604915,737
0.69846,,4,35,0.005,1,1,1.1301478233352923e-05,0.9912526558473926,0.0004725897920604915,738
0.69938,,3,37,0.005,1,1,1.1301478233352923e-05,0.991263957325626,0.0004725897920604915,739
0.69938,,4,32,0.005,1,1,1.1301478233352923e-05,0.9912752588038594,0.0004725897920604915,740
0.69938,,4,42,0.005,1,1,1.1301478233352923e-05,0.9912865602820927,0.0004725897920604915,741
0.69938,,5,34,0.005,1,1,1.1301478233352923e-05,0.9912978617603261,0.0004725897920604915,742
0.69938,,5,35,0.005,1,1,1.1301478233352923e-05,0.9913091632385594,0.0004725897920604915,743
0.69938,,5,36,0.003,1,1,1.1301478233352923e-05,0.9913204647167928,0.0004725897920604915,744
0.69938,,5,40,0.003,1,1,1.1301478233352923e-05,0.9913317661950262,0.0004725897920604915,745
0.700077,,1,42,0.005,1,1,1.1301478233352923e-05,0.9913430676732595,0.0004725897920604915,746
0.700077,,3,25,0.003,1,1,1.1301478233352923e-05,0.9913543691514929,0.0004725897920604915,747
0.700077,,3,35,0.005,1,1,1.1301478233352923e-05,0.9913656706297262,0.0004725897920604915,748
0.700077,,3,36,0.003,1,1,1.1301478233352923e-05,0.9913769721079596,0.0004725897920604915,749
0.700077,,3,40,0.005,1,1,1.1301478233352923e-05,0.991388273586193,0.0004725897920604915,750
0.700077,,4,38,0.005,1,1,1.1301478233352923e-05,0.9913995750644263,0.0004725897920604915,751
0.700077,,4,40,0.005,1,1,1.1301478233352923e-05,0.9914108765426597,0.0004725897920604915,752
0.700077,,5,37,0.005,1,1,1.1301478233352923e-05,0.991422178020893,0.0004725897920604915,753
0.700077,,5,45,0.005,1,1,1.1301478233352923e-05,0.9914334794991264,0.0004725897920604915,754
0.700077,,6,36,0.005,1,1,1.1301478233352923e-05,0.9914447809773598,0.0004725897920604915,755
0.700077,,6,56,0.005,1,1,1.1301478233352923e-05,0.9914560824555931,0.0004725897920604915,756
0.7085,,1,33,0.0036,1,1,1.1301478233352923e-05,0.9914673839338265,0.0004725897920604915,757
0.7085,,1,50,0.004,1,1,1.1301478233352923e-05,0.9914786854120599,0.0004725897920604915,758
0.7093,0.71359,3,61,0.015004,1,0,1.1301478233352923e-05,0.9914899868902932,0.0,759
0.7093,0.71359,3,71,0.015004,1,0,1.1301478233352923e-05,0.9915012883685266,0.0,760
0.7093,0.71359,5,70,0.01,1,0,1.1301478233352923e-05,0.9915125898467599,0.0,761
0.7093,0.71359,5,70,0.015004,1,0,1.1301478233352923e-05,0.9915238913249933,0.0,762
0.7093,0.71359,5,70,0.020458,1,0,1.1301478233352923e-05,0.9915351928032267,0.0,763
0.7093,0.71359,10,50,0.020458,1,0,1.1301478233352923e-05,0.99154649428146,0.0,764
0.7093,0.71359,10,70,0.015004,1,0,1.1301478233352923e-05,0.9915577957596934,0.0,765
0.7093,,2,50,0.015004,1,1,1.1301478233352923e-05,0.9915690972379267,0.0004725897920604915,766
0.7093,,3,60,0.015004,1,1,1.1301478233352923e-05,0.9915803987161601,0.0004725897920604915,767
0.7121,,3,35,0.012277,1,1,1.1301478233352923e-05,0.9915917001943935,0.0004725897920604915,768
0.7121,,3,41,0.012277,1,1,1.1301478233352923e-05,0.9916030016726268,0.0004725897920604915,769
0.72959,,2,33,0.01,1,1,1.1301478233352923e-05,0.9916143031508602,0.0004725897920604915,770
0.7458,,3,41,0.012277,1,1,1.1301478233352923e-05,0.9916256046290935,0.0004725897920604915,771
0.774912,,3,50,0.0036,1,1,1.1301478233352923e-05,0.9916369061073269,0.0004725897920604915,772
0.774912,,4,30,0.0036,1,1,1.1301478233352923e-05,0.9916482075855603,0.0004725897920604915,773
0.774912,,4,45,0.0036,1,1,1.1301478233352923e-05,0.9916595090637936,0.0004725897920604915,774
0.774912,,5,35,0.0036,1,1,1.1301478233352923e-05,0.991670810542027,0.0004725897920604915,775
0.776188,,2,33,0.0036,1,1,1.1301478233352923e-05,0.9916821120202604,0.0004725897920604915,776
0.78487,,1,37,0.015346,1,1,1.1301478233352923e-05,0.9916934134984937,0.0004725897920604915,777
0.78487,,2,34,0.015346,1,1,1.1301478233352923e-05,0.9917047149767271,0.0004725897920604915,778
0.798,,1,35,0.01,1,1,1.1301478233352923e-05,0.9917160164549604,0.0004725897920604915,779
0.79989,,0,1,0.0003,1,1,1.1301478233352923e-05,0.9917273179331938,0.0004725897920604915,780
0.79989,,0,48,0.003,1,1,1.1301478233352923e-05,0.9917386194114272,0.0004725897920604915,781
0.79989,,5,38,0.005,1,1,1.1301478233352923e-05,0.9917499208896605,0.0004725897920604915,782
0.802,,2,50,0.01,1,1,1.1301478233352923e-05,0.9917612223678939,0.0004725897920604915,783
0.8077,,8,59,0.02,1,1,1.1301478233352923e-05,0.9917725238461272,0.0004725897920604915,784
0.823065,,2,27,0.0057,1,1,1.1301478233352923e-05,0.9917838253243606,0.0004725897920604915,785
0.82449,,2,55,0.004,1,1,1.1301478233352923e-05,0.991795126802594,0.0004725897920604915,786
0.82538,,2,82,0.004,1,1,1.1301478233352923e-05,0.9918064282808273,0.0004725897920604915,787
0.82538,,3,43,0.01,1,1,1.1301478233352923e-05,0.9918177297590607,0.0004725897920604915,788
0.825993,,1,40,0.005,1,1,1.1301478233352923e-05,0.991829031237294,0.0004725897920604915,789
0.825993,,2,82,0.004,1,1,1.1301478233352923e-05,0.9918403327155274,0.0004725897920604915,790
0.825993,,2,92,0.004,1,1,1.1301478233352923e-05,0.9918516341937608,0.0004725897920604915,791
0.825993,,3,82,0.004,1,1,1.1301478233352923e-05,0.9918629356719941,0.0004725897920604915,792
0.825993,,3,142,0.003,1,1,1.1301478233352923e-05,0.9918742371502275,0.0004725897920604915,793
0.825993,,4,80,0.005,1,1,1.1301478233352923e-05,0.9918855386284608,0.0004725897920604915,794
0.825993,,4,82,0.004,1,1,1.1301478233352923e-05,0.9918968401066942,0.0004725897920604915,795
0.827154,,2,41,0.005,1,1,1.1301478233352923e-05,0.9919081415849276,0.0004725897920604915,796
0.827154,,4,40,0.01,1,1,1.1301478233352923e-05,0.9919194430631609,0.0004725897920604915,797
0.827154,,4,44,0.005,1,1,1.1301478233352923e-05,0.9919307445413943,0.0004725897920604915,798
0.8856,,4,36,0.01,1,1,1.1301478233352923e-05,0.9919420460196277,0.0004725897920604915,799
0.953646,,3,45,0.004,1,1,1.1301478233352923e-05,0.991953347497861,0.0004725897920604915,800
0.953646,,3,49,0.006,1,1,1.1301478233352923e-05,0.9919646489760944,0.0004725897920604915,801
0.99958,,4,72,0.01,1,1,1.1301478233352923e-05,0.9919759504543277,0.0004725897920604915,802
1.0007,,2,35,0.0036,1,1,1.1301478233352923e-05,0.9919872519325611,0.0004725897920604915,803
1.197315,,4,77,0.01,1,1,1.1301478233352923e-05,0.9919985534107945,0.0004725897920604915,804
1.197315,,5,55,0.01,1,1,1.1301478233352923e-05,0.9920098548890278,0.0004725897920604915,805
1.20793,1.20839,1,5,0.015004,1,0,1.1301478233352923e-05,0.9920211563672612,0.0,806
1.20793,1.20839,1,10,0.015004,1,0,1.1301478233352923e-05,0.9920324578454945,0.0,807
1.20793,1.20839,2,10,0.015004,1,0,1.1301478233352923e-05,0.9920437593237279,0.0,808
1.20793,1.20839,2,22,0.03757,1,0,1.1301478233352923e-05,0.9920550608019613,0.0,809
1.20793,1.20839,2,22,0.05,1,0,1.1301478233352923e-05,0.9920663622801946,0.0,810
1.20793,1.20839,2,50,0.103077,1,0,1.1301478233352923e-05,0.992077663758428,0.0,811
1.20793,1.20839,2,51,0.020458,1,0,1.1301478233352923e-05,0.9920889652366613,0.0,812
1.20793,1.20839,2,60,0.015004,1,0,1.1301478233352923e-05,0.9921002667148947,0.0,813
1.20793,1.20839,2,75,0.015004,1,0,1.1301478233352923e-05,0.9921115681931281,0.0,814
1.20793,1.20839,2,91,0.015004,1,0,1.1301478233352923e-05,0.9921228696713614,0.0,815
1.20793,1.20839,3,9,0.015004,1,0,1.1301478233352923e-05,0.9921341711495948,0.0,816
1.20793,1.20839,3,20,0.015004,1,0,1.1301478233352923e-05,0.9921454726278282,0.0,817
1.20793,1.20839,3,21,0.024545,1,0,1.1301478233352923e-05,0.9921567741060615,0.0,818
1.20793,1.20839,3,30,0.015004,1,0,1.1301478233352923e-05,0.9921680755842949,0.0,819
1.20793,1.20839,3,37,0.015004,1,0,1.1301478233352923e-05,0.9921793770625282,0.0,820
1.20793,1.20839,3,51,0.022507,1,0,1.1301478233352923e-05,0.9921906785407616,0.0,821
1.20793,1.20839,3,51,0.0399,1,0,1.1301478233352923e-05,0.992201980018995,0.0,822
1.20793,1.20839,3,51,0.080066,1,0,1.1301478233352923e-05,0.9922132814972283,0.0,823
1.20793,1.20839,3,61,0.015004,1,0,1.1301478233352923e-05,0.9922245829754617,0.0,824
1.20793,1.20839,3,61,0.015346,1,0,1.1301478233352923e-05,0.992235884453695,0.0,825
1.20793,1.20839,3,61,0.03666,1,0,1.1301478233352923e-05,0.9922471859319284,0.0,826
1.20793,1.20839,3,71,0.032476,1,0,1.1301478233352923e-05,0.9922584874101618,0.0,827
1.20793,1.20839,3,80,0.015004,1,0,1.1301478233352923e-05,0.9922697888883951,0.0,828
1.20793,1.20839,3,80,0.017,1,0,1.1301478233352923e-05,0.9922810903666285,0.0,829
1.20793,1.20839,4,8,0.015004,1,0,1.1301478233352923e-05,0.9922923918448618,0.0,830
1.20793,1.20839,4,10,0.015004,1,0,1.1301478233352923e-05,0.9923036933230952,0.0,831
1.20793,1.20839,4,17,0.015004,1,0,1.1301478233352923e-05,0.9923149948013286,0.0,832
1.20793,1.20839,4,40,0.015004,1,0,1.1301478233352923e-05,0.9923262962795619,0.0,833
1.20793,1.20839,5,10,0.015004,1,0,1.1301478233352923e-05,0.9923375977577953,0.0,834
1.20793,1.20839,5,15,0.015004,1,0,1.1301478233352923e-05,0.9923488992360286,0.0,835
1.20793,1.20839,5,23,0.015004,1,0,1.1301478233352923e-05,0.992360200714262,0.0,836
1.20793,1.20839,5,26,0.015004,1,0,1.1301478233352923e-05,0.9923715021924954,0.0,837
1.20793,1.20839,5,40,0.031351,1,0,1.1301478233352923e-05,0.9923828036707287,0.0,838
1.20793,1.20839,5,40,0.040923,1,0,1.1301478233352923e-05,0.9923941051489621,0.0,839
1.20793,1.20839,5,40,0.066705,1,0,1.1301478233352923e-05,0.9924054066271955,0.0,840
1.20793,1.20839,5,50,0.037269,1,0,1.1301478233352923e-05,0.9924167081054288,0.0,841
1.20793,1.20839,5,50,0.134822,1,0,1.1301478233352923e-05,0.9924280095836622,0.0,842
1.20793,1.20839,5,53,0.042346,1,0,1.1301478233352923e-05,0.9924393110618955,0.0,843
1.20793,1.20839,5,53,0.051484,1,0,1.1301478233352923e-05,0.9924506125401289,0.0,844
1.20793,1.20839,5,60,0.018818,1,0,1.1301478233352923e-05,0.9924619140183623,0.0,845
1.20793,1.20839,5,60,0.026628,1,0,1.1301478233352923e-05,0.9924732154965956,0.0,846
1.20793,1.20839,5,61,0.018415,1,0,1.1301478233352923e-05,0.992484516974829,0.0,847
1.20793,1.20839,5,63,0.03,1,0,1.1301478233352923e-05,0.9924958184530623,0.0,848
1.20793,1.20839,5,70,0.015346,1,0,1.1301478233352923e-05,0.9925071199312957,0.0,849
1.20793,1.20839,5,71,0.02913,1,0,1.1301478233352923e-05,0.9925184214095291,0.0,850
1.20793,1.20839,5,81,0.015004,1,0,1.1301478233352923e-05,0.9925297228877624,0.0,851
1.20793,1.20839,5,100,0.015004,1,0,1.1301478233352923e-05,0.9925410243659958,0.0,852
1.20793,1.20839,7,26,0.015004,1,0,1.1301478233352923e-05,0.9925523258442291,0.0,853
1.20793,1.20839,7,90,0.015004,1,0,1.1301478233352923e-05,0.9925636273224625,0.0,854
1.20793,1.20839,7,90,0.067142,1,0,1.1301478233352923e-05,0.9925749288006959,0.0,855
1.20793,1.20839,10,31,0.022,1,0,1.1301478233352923e-05,0.9925862302789292,0.0,856
1.20793,1.20839,10,32,0.017,1,0,1.1301478233352923e-05,0.9925975317571626,0.0,857
1.20793,1.20839,10,34,0.015004,1,0,1.1301478233352923e-05,0.992608833235396,0.0,858
1.20793,1.20839,10,40,0.02,1,0,1.1301478233352923e-05,0.9926201347136293,0.0,859
1.20793,1.20839,10,42,0.0399,1,0,1.1301478233352923e-05,0.9926314361918627,0.0,860
1.20793,1.20839,10,48,0.015004,1,0,1.1301478233352923e-05,0.992642737670096,0.0,861
1.20793,1.20839,10,50,0.025,1,0,1.1301478233352923e-05,0.9926540391483294,0.0,862
1.20793,1.20839,10,50,0.031715,1,0,1.1301478233352923e-05,0.9926653406265628,0.0,863
1.20793,1.20839,10,51,0.03,1,0,1.1301478233352923e-05,0.9926766421047961,0.0,864
1.20793,1.20839,10,52,0.026261,1,0,1.1301478233352923e-05,0.9926879435830295,0.0,865
1.20793,1.20839,10,60,0.022,1,0,1.1301478233352923e-05,0.9926992450612628,0.0,866
1.20793,1.20839,10,60,0.026,1,0,1.1301478233352923e-05,0.9927105465394962,0.0,867
1.20793,1.20839,10,60,0.036884,1,0,1.1301478233352923e-05,0.9927218480177296,0.0,868
1.20793,1.20839,10,60,0.040923,1,0,1.1301478233352923e-05,0.9927331494959629,0.0,869
1.20793,1.20839,10,60,0.053279,1,0,1.1301478233352923e-05,0.9927444509741963,0.0,870
1.20793,1.20839,10,60,0.062255,1,0,1.1301478233352923e-05,0.9927557524524296,0.0,871
1.20793,1.20839,10,60,0.062549,1,0,1.1301478233352923e-05,0.992767053930663,0.0,872
1.20793,1.20839,10,60,0.093925,1,0,1.1301478233352923e-05,0.9927783554088964,0.0,873
1.20793,1.20839,10,61,0.060081,1,0,1.1301478233352923e-05,0.9927896568871297,0.0,874
1.20793,1.20839,10,61,0.06964,1,0,1.1301478233352923e-05,0.9928009583653631,0.0,875
1.20793,1.20839,10,62,0.043369,1,0,1.1301478233352923e-05,0.9928122598435964,0.0,876
1.20793,1.20839,10,64,0.038599,1,0,1.1301478233352923e-05,0.9928235613218298,0.0,877
1.20793,1.20839,10,65,0.016,1,0,1.1301478233352923e-05,0.9928348628000632,0.0,878
1.20793,1.20839,10,65,0.028371,1,0,1.1301478233352923e-05,0.9928461642782965,0.0,879
1.20793,1.20839,10,65,0.03302,1,0,1.1301478233352923e-05,0.9928574657565299,0.0,880
1.20793,1.20839,10,65,0.039314,1,0,1.1301478233352923e-05,0.9928687672347632,0.0,881
1.20793,1.20839,10,65,0.06356,1,0,1.1301478233352923e-05,0.9928800687129966,0.0,882
1.20793,1.20839,10,65,0.068715,1,0,1.1301478233352923e-05,0.99289137019123,0.0,883
1.20793,1.20839,10,65,0.103318,1,0,1.1301478233352923e-05,0.9929026716694633,0.0,884
1.20793,1.20839,10,65,0.165494,1,0,1.1301478233352923e-05,0.9929139731476967,0.0,885
1.20793,1.20839,10,65,0.207022,1,0,1.1301478233352923e-05,0.99292527462593,0.0,886
1.20793,1.20839,10,66,0.052549,1,0,1.1301478233352923e-05,0.9929365761041634,0.0,887
1.20793,1.20839,10,70,0.029669,1,0,1.1301478233352923e-05,0.9929478775823968,0.0,888
1.20793,1.20839,10,70,0.031049,1,0,1.1301478233352923e-05,0.9929591790606301,0.0,889
1.20793,1.20839,10,70,0.03342,1,0,1.1301478233352923e-05,0.9929704805388635,0.0,890
1.20793,1.20839,10,70,0.064354,1,0,1.1301478233352923e-05,0.9929817820170969,0.0,891
1.20793,1.20839,10,70,0.066287,1,0,1.1301478233352923e-05,0.9929930834953302,0.0,892
1.20793,1.20839,10,70,0.1365,1,0,1.1301478233352923e-05,0.9930043849735636,0.0,893
1.20793,1.20839,10,71,0.024545,1,0,1.1301478233352923e-05,0.9930156864517969,0.0,894
1.20793,1.20839,10,71,0.032725,1,0,1.1301478233352923e-05,0.9930269879300303,0.0,895
1.20793,1.20839,10,71,0.033887,1,0,1.1301478233352923e-05,0.9930382894082637,0.0,896
1.20793,1.20839,10,71,0.034162,1,0,1.1301478233352923e-05,0.993049590886497,0.0,897
1.20793,1.20839,10,71,0.048196,1,0,1.1301478233352923e-05,0.9930608923647304,0.0,898
1.20793,1.20839,10,72,0.026628,1,0,1.1301478233352923e-05,0.9930721938429637,0.0,899
1.20793,1.20839,10,72,0.035597,1,0,1.1301478233352923e-05,0.9930834953211971,0.0,900
1.20793,1.20839,10,72,0.042346,1,0,1.1301478233352923e-05,0.9930947967994305,0.0,901
1.20793,1.20839,10,72,0.050316,1,0,1.1301478233352923e-05,0.9931060982776638,0.0,902
1.20793,1.20839,10,73,0.02378,1,0,1.1301478233352923e-05,0.9931173997558972,0.0,903
1.20793,1.20839,10,73,0.025,1,0,1.1301478233352923e-05,0.9931287012341306,0.0,904
1.20793,1.20839,10,73,0.032725,1,0,1.1301478233352923e-05,0.9931400027123639,0.0,905
1.20793,1.20839,10,73,0.034162,1,0,1.1301478233352923e-05,0.9931513041905973,0.0,906
1.20793,1.20839,10,73,0.03666,1,0,1.1301478233352923e-05,0.9931626056688306,0.0,907
1.20793,1.20839,10,73,0.045711,1,0,1.1301478233352923e-05,0.993173907147064,0.0,908
1.20793,1.20839,10,73,0.060081,1,0,1.1301478233352923e-05,0.9931852086252974,0.0,909
1.20793,1.20839,10,73,0.060361,1,0,1.1301478233352923e-05,0.9931965101035307,0.0,910
1.20793,1.20839,10,73,0.091548,1,0,1.1301478233352923e-05,0.9932078115817641,0.0,911
1.20793,1.20839,10,73,0.1011,1,0,1.1301478233352923e-05,0.9932191130599974,0.0,912
1.20793,1.20839,10,73,0.147161,1,0,1.1301478233352923e-05,0.9932304145382308,0.0,913
1.20793,1.20839,10,73,0.231562,1,0,1.1301478233352923e-05,0.9932417160164642,0.0,914
1.20793,1.20839,10,80,0.017392,1,0,1.1301478233352923e-05,0.9932530174946975,0.0,915
1.20793,1.20839,10,80,0.02,1,0,1.1301478233352923e-05,0.9932643189729309,0.0,916
1.20793,1.20839,10,80,0.023531,1,0,1.1301478233352923e-05,0.9932756204511642,0.0,917
1.20793,1.20839,10,80,0.033887,1,0,1.1301478233352923e-05,0.9932869219293976,0.0,918
1.20793,1.20839,10,80,0.045711,1,0,1.1301478233352923e-05,0.993298223407631,0.0,919
1.20793,1.20839,10,81,0.037269,1,0,1.1301478233352923e-05,0.9933095248858643,0.0,920
1.20793,1.20839,10,82,0.015346,1,0,1.1301478233352923e-05,0.9933208263640977,0.0,921
1.20793,1.20839,10,82,0.015689,1,0,1.1301478233352923e-05,0.993332127842331,0.0,922
1.20793,1.20839,10,82,0.020458,1,0,1.1301478233352923e-05,0.9933434293205644,0.0,923
1.20793,1.20839,10,82,0.06356,1,0,1.1301478233352923e-05,0.9933547307987978,0.0,924
1.20793,1.20839,10,83,0.015004,1,0,1.1301478233352923e-05,0.9933660322770311,0.0,925
1.20793,1.20839,10,83,0.026628,1,0,1.1301478233352923e-05,0.9933773337552645,0.0,926
1.20793,1.20839,10,83,0.03302,1,0,1.1301478233352923e-05,0.9933886352334979,0.0,927
1.20793,1.20839,10,83,0.037778,1,0,1.1301478233352923e-05,0.9933999367117312,0.0,928
1.20793,1.20839,10,90,0.011,1,0,1.1301478233352923e-05,0.9934112381899646,0.0,929
1.20793,1.20839,10,90,0.016,1,0,1.1301478233352923e-05,0.9934225396681979,0.0,930
1.20793,1.20839,10,90,0.01671,1,0,1.1301478233352923e-05,0.9934338411464313,0.0,931
1.20793,1.20839,10,90,0.02,1,0,1.1301478233352923e-05,0.9934451426246647,0.0,932
1.20793,1.20839,10,90,0.02074,1,0,1.1301478233352923e-05,0.993456444102898,0.0,933
1.20793,1.20839,10,90,0.023531,1,0,1.1301478233352923e-05,0.9934677455811314,0.0,934
1.20793,1.20839,10,90,0.02378,1,0,1.1301478233352923e-05,0.9934790470593647,0.0,935
1.20793,1.20839,10,90,0.025,1,0,1.1301478233352923e-05,0.9934903485375981,0.0,936
1.20793,1.20839,10,90,0.025372,1,0,1.1301478233352923e-05,0.9935016500158315,0.0,937
1.20793,1.20839,10,90,0.026,1,0,1.1301478233352923e-05,0.9935129514940648,0.0,938
1.20793,1.20839,10,90,0.026628,1,0,1.1301478233352923e-05,0.9935242529722982,0.0,939
1.20793,1.20839,10,90,0.027623,1,0,1.1301478233352923e-05,0.9935355544505315,0.0,940
1.20793,1.20839,10,90,0.02913,1,0,1.1301478233352923e-05,0.9935468559287649,0.0,941
1.20793,1.20839,10,90,0.029397,1,0,1.1301478233352923e-05,0.9935581574069983,0.0,942
1.20793,1.20839,10,90,0.031049,1,0,1.1301478233352923e-05,0.9935694588852316,0.0,943
1.20793,1.20839,10,90,0.032476,1,0,1.1301478233352923e-05,0.993580760363465,0.0,944
1.20793,1.20839,10,90,0.03531,1,0,1.1301478233352923e-05,0.9935920618416983,0.0,945
1.20793,1.20839,10,90,0.035597,1,0,1.1301478233352923e-05,0.9936033633199317,0.0,946
1.20793,1.20839,10,90,0.036285,1,0,1.1301478233352923e-05,0.9936146647981651,0.0,947
1.20793,1.20839,10,90,0.04618,1,0,1.1301478233352923e-05,0.9936259662763984,0.0,948
1.20793,1.20839,10,90,0.060361,1,0,1.1301478233352923e-05,0.9936372677546318,0.0,949
1.20793,1.20839,10,90,0.063208,1,0,1.1301478233352923e-05,0.9936485692328652,0.0,950
1.20793,1.20839,10,90,0.064673,1,0,1.1301478233352923e-05,0.9936598707110985,0.0,951
1.20793,1.20839,10,90,0.066705,1,0,1.1301478233352923e-05,0.9936711721893319,0.0,952
1.20793,1.20839,10,90,0.089397,1,0,1.1301478233352923e-05,0.9936824736675652,0.0,953
1.20793,1.20839,10,90,0.115064,1,0,1.1301478233352923e-05,0.9936937751457986,0.0,954
1.20793,1.20839,10,91,0.016,1,0,1.1301478233352923e-05,0.993705076624032,0.0,955
1.20793,1.20839,10,91,0.017392,1,0,1.1301478233352923e-05,0.9937163781022653,0.0,956
1.20793,1.20839,10,91,0.026,1,0,1.1301478233352923e-05,0.9937276795804987,0.0,957
1.20793,1.20839,10,91,0.027176,1,0,1.1301478233352923e-05,0.993738981058732,0.0,958
1.20793,1.20839,10,91,0.0303,1,0,1.1301478233352923e-05,0.9937502825369654,0.0,959
1.20793,1.20839,10,91,0.03302,1,0,1.1301478233352923e-05,0.9937615840151988,0.0,960
1.20793,1.20839,10,91,0.03342,1,0,1.1301478233352923e-05,0.9937728854934321,0.0,961
1.20793,1.20839,10,91,0.035029,1,0,1.1301478233352923e-05,0.9937841869716655,0.0,962
1.20793,1.20839,10,91,0.038876,1,0,1.1301478233352923e-05,0.9937954884498988,0.0,963
1.20793,1.20839,10,91,0.041918,1,0,1.1301478233352923e-05,0.9938067899281322,0.0,964
1.20793,1.20839,10,91,0.042969,1,0,1.1301478233352923e-05,0.9938180914063656,0.0,965
1.20793,1.20839,10,91,0.048629,1,0,1.1301478233352923e-05,0.9938293928845989,0.0,966
1.20793,1.20839,10,91,0.060081,1,0,1.1301478233352923e-05,0.9938406943628323,0.0,967
1.20793,1.20839,10,91,0.060795,1,0,1.1301478233352923e-05,0.9938519958410656,0.0,968
1.20793,1.20839,10,91,0.107872,1,0,1.1301478233352923e-05,0.993863297319299,0.0,969
1.20793,1.20839,10,91,0.124965,1,0,1.1301478233352923e-05,0.9938745987975324,0.0,970
1.20793,1.20839,10,94,0.019438,1,0,1.1301478233352923e-05,0.9938859002757657,0.0,971
1.20793,1.20839,10,94,0.02378,1,0,1.1301478233352923e-05,0.9938972017539991,0.0,972
1.20793,1.20839,10,94,0.024545,1,0,1.1301478233352923e-05,0.9939085032322325,0.0,973
1.20793,1.20839,10,94,0.03,1,0,1.1301478233352923e-05,0.9939198047104658,0.0,974
1.20793,1.20839,10,94,0.03302,1,0,1.1301478233352923e-05,0.9939311061886992,0.0,975
1.20793,1.20839,10,94,0.035029,1,0,1.1301478233352923e-05,0.9939424076669325,0.0,976
1.20793,1.20839,10,94,0.040665,1,0,1.1301478233352923e-05,0.9939537091451659,0.0,977
1.20793,1.20839,10,94,0.045081,1,0,1.1301478233352923e-05,0.9939650106233993,0.0,978
1.20793,1.20839,10,94,0.054909,1,0,1.1301478233352923e-05,0.9939763121016326,0.0,979
1.20793,1.20839,10,94,0.252754,1,0,1.1301478233352923e-05,0.993987613579866,0.0,980
1.20793,1.20839,10,96,0.028053,1,0,1.1301478233352923e-05,0.9939989150580993,0.0,981
1.20793,1.20839,10,97,0.015004,1,0,1.1301478233352923e-05,0.9940102165363327,0.0,982
1.20793,1.20839,10,112,0.0319,1,0,1.1301478233352923e-05,0.9940215180145661,0.0,983
1.20793,1.20839,12,14,0.015004,1,0,1.1301478233352923e-05,0.9940328194927994,0.0,984
1.20793,1.20839,12,60,0.042969,1,0,1.1301478233352923e-05,0.9940441209710328,0.0,985
1.20793,1.20839,14,80,0.015004,1,0,1.1301478233352923e-05,0.9940554224492661,0.0,986
1.20793,1.20839,15,26,0.015004,1,0,1.1301478233352923e-05,0.9940667239274995,0.0,987
1.20793,1.20839,15,48,0.015004,1,0,1.1301478233352923e-05,0.9940780254057329,0.0,988
1.20793,1.20839,15,50,0.015004,1,0,1.1301478233352923e-05,0.9940893268839662,0.0,989
1.20793,1.20839,15,61,0.015346,1,0,1.1301478233352923e-05,0.9941006283621996,0.0,990
1.20793,1.20839,15,70,0.04618,1,0,1.1301478233352923e-05,0.994111929840433,0.0,991
1.20793,1.20839,15,100,0.02,1,0,1.1301478233352923e-05,0.9941232313186663,0.0,992
1.20793,1.20839,15,100,0.024545,1,0,1.1301478233352923e-05,0.9941345327968997,0.0,993
1.20793,1.20839,15,100,0.0319,1,0,1.1301478233352923e-05,0.994145834275133,0.0,994
1.20793,1.20839,15,106,0.015004,1,0,1.1301478233352923e-05,0.9941571357533664,0.0,995
1.20793,1.20839,17,26,0.015004,1,0,1.1301478233352923e-05,0.9941684372315998,0.0,996
1.20793,1.20839,18,27,0.015004,1,0,1.1301478233352923e-05,0.9941797387098331,0.0,997
1.20793,1.20839,18,44,0.015004,1,0,1.1301478233352923e-05,0.9941910401880665,0.0,998
1.20793,1.20839,19,23,0.015004,1,0,1.1301478233352923e-05,0.9942023416662998,0.0,999
1.20793,1.20839,20,31,0.015004,1,0,1.1301478233352923e-05,0.9942136431445332,0.0,1000
1.20793,1.20839,20,32,0.060361,1,0,1.1301478233352923e-05,0.9942249446227666,0.0,1001
1.20793,1.20839,20,33,0.0594,1,0,1.1301478233352923e-05,0.9942362461009999,0.0,1002
1.20793,1.20839,20,33,0.087237,1,0,1.1301478233352923e-05,0.9942475475792333,0.0,1003
1.20793,1.20839,20,35,0.060081,1,0,1.1301478233352923e-05,0.9942588490574666,0.0,1004
1.20793,1.20839,20,51,0.015004,1,0,1.1301478233352923e-05,0.9942701505357,0.0,1005
1.20793,1.20839,20,63,0.015004,1,0,1.1301478233352923e-05,0.9942814520139334,0.0,1006
1.20793,1.20839,20,68,0.052987,1,0,1.1301478233352923e-05,0.9942927534921667,0.0,1007
1.20793,1.20839,20,80,0.156406,1,0,1.1301478233352923e-05,0.9943040549704001,0.0,1008
1.20793,1.20839,20,90,0.017392,1,0,1.1301478233352923e-05,0.9943153564486334,0.0,1009
1.20793,1.20839,20,92,0.135252,1,0,1.1301478233352923e-05,0.9943266579268668,0.0,1010
1.20793,1.20839,20,95,0.015004,1,0,1.1301478233352923e-05,0.9943379594051002,0.0,1011
1.20793,1.20839,20,104,0.015004,1,0,1.1301478233352923e-05,0.9943492608833335,0.0,1012
1.20793,1.20839,22,34,0.015004,1,0,1.1301478233352923e-05,0.9943605623615669,0.0,1013
1.20793,1.20839,24,31,0.015004,1,0,1.1301478233352923e-05,0.9943718638398003,0.0,1014
1.20793,1.20839,24,35,0.015004,1,0,1.1301478233352923e-05,0.9943831653180336,0.0,1015
1.20793,1.20839,24,54,0.015004,1,0,1.1301478233352923e-05,0.994394466796267,0.0,1016
1.20793,1.20839,25,35,0.018818,1,0,1.1301478233352923e-05,0.9944057682745003,0.0,1017
1.20793,1.20839,25,38,0.015004,1,0,1.1301478233352923e-05,0.9944170697527337,0.0,1018
1.20793,1.20839,25,43,0.015004,1,0,1.1301478233352923e-05,0.9944283712309671,0.0,1019
1.20793,1.20839,25,50,0.045081,1,0,1.1301478233352923e-05,0.9944396727092004,0.0,1020
1.20793,1.20839,25,50,0.4625,1,0,1.1301478233352923e-05,0.9944509741874338,0.0,1021
1.20793,1.20839,25,55,0.016,1,0,1.1301478233352923e-05,0.9944622756656671,0.0,1022
1.20793,1.20839,25,55,0.026628,1,0,1.1301478233352923e-05,0.9944735771439005,0.0,1023
1.20793,1.20839,25,55,0.150761,1,0,1.1301478233352923e-05,0.9944848786221339,0.0,1024
1.20793,1.20839,25,55,0.456923,1,0,1.1301478233352923e-05,0.9944961801003672,0.0,1025
1.20793,1.20839,25,61,0.015004,1,0,1.1301478233352923e-05,0.9945074815786006,0.0,1026
1.20793,1.20839,25,73,0.055227,1,0,1.1301478233352923e-05,0.9945187830568339,0.0,1027
1.20793,1.20839,25,90,0.015004,1,0,1.1301478233352923e-05,0.9945300845350673,0.0,1028
1.20793,1.20839,26,29,0.015004,1,0,1.1301478233352923e-05,0.9945413860133007,0.0,1029
1.20793,1.20839,26,50,0.015004,1,0,1.1301478233352923e-05,0.994552687491534,0.0,1030
1.20793,1.20839,27,29,0.015004,1,0,1.1301478233352923e-05,0.9945639889697674,0.0,1031
1.20793,1.20839,27,30,0.022,1,0,1.1301478233352923e-05,0.9945752904480007,0.0,1032
1.20793,1.20839,28,46,0.136015,1,0,1.1301478233352923e-05,0.9945865919262341,0.0,1033
1.20793,1.20839,30,34,0.034162,1,0,1.1301478233352923e-05,0.9945978934044675,0.0,1034
1.20793,1.20839,30,41,0.056011,1,0,1.1301478233352923e-05,0.9946091948827008,0.0,1035
1.20793,1.20839,30,55,0.026,1,0,1.1301478233352923e-05,0.9946204963609342,0.0,1036
1.20793,1.20839,30,55,0.045081,1,0,1.1301478233352923e-05,0.9946317978391676,0.0,1037
1.20793,1.20839,30,90,0.015004,1,0,1.1301478233352923e-05,0.9946430993174009,0.0,1038
1.20793,1.20839,32,50,0.015004,1,0,1.1301478233352923e-05,0.9946544007956343,0.0,1039
1.20793,1.20839,32,56,0.015004,1,0,1.1301478233352923e-05,0.9946657022738676,0.0,1040
1.20793,1.20839,32,60,0.015004,1,0,1.1301478233352923e-05,0.994677003752101,0.0,1041
1.20793,1.20839,33,38,0.015004,1,0,1.1301478233352923e-05,0.9946883052303344,0.0,1042
1.20793,1.20839,33,41,0.015004,1,0,1.1301478233352923e-05,0.9946996067085677,0.0,1043
1.20793,1.20839,35,40,0.015004,1,0,1.1301478233352923e-05,0.9947109081868011,0.0,1044
1.20793,1.20839,35,71,0.015346,1,0,1.1301478233352923e-05,0.9947222096650344,0.0,1045
1.20793,1.20839,38,41,0.015004,1,0,1.1301478233352923e-05,0.9947335111432678,0.0,1046
1.20793,1.20839,40,46,0.016369,1,0,1.1301478233352923e-05,0.9947448126215012,0.0,1047
1.20793,1.20839,40,55,0.015004,1,0,1.1301478233352923e-05,0.9947561140997345,0.0,1048
1.20793,1.20839,40,55,0.021136,1,0,1.1301478233352923e-05,0.9947674155779679,0.0,1049
1.20793,1.20839,40,60,0.015004,1,0,1.1301478233352923e-05,0.9947787170562012,0.0,1050
1.20793,1.20839,40,73,0.034162,1,0,1.1301478233352923e-05,0.9947900185344346,0.0,1051
1.20793,1.20839,44,48,0.015004,1,0,1.1301478233352923e-05,0.994801320012668,0.0,1052
1.20793,1.20839,44,55,0.015004,1,0,1.1301478233352923e-05,0.9948126214909013,0.0,1053
1.20793,1.20839,45,48,0.015004,1,0,1.1301478233352923e-05,0.9948239229691347,0.0,1054
1.20793,1.20839,45,50,0.015004,1,0,1.1301478233352923e-05,0.994835224447368,0.0,1055
1.20793,1.20839,48,55,0.015004,1,0,1.1301478233352923e-05,0.9948465259256014,0.0,1056
1.20793,1.20839,50,61,0.015004,1,0,1.1301478233352923e-05,0.9948578274038348,0.0,1057
1.20793,1.20839,60,65,0.015004,1,0,1.1301478233352923e-05,0.9948691288820681,0.0,1058
1.20793,1.20839,60,80,0.060081,1,0,1.1301478233352923e-05,0.9948804303603015,0.0,1059
1.20793,1.20839,80,100,0.015004,1,0,1.1301478233352923e-05,0.9948917318385349,0.0,1060
1.2252,,6,126,0.05,1,1,1.1301478233352923e-05,0.9949030333167682,0.0004725897920604915,1061
1.2368,,5,70,0.01,1,1,1.1301478233352923e-05,0.9949143347950016,0.0004725897920604915,1062
1.28,,1,125,0.1,1,1,1.1301478233352923e-05,0.9949256362732349,0.0004725897920604915,1063
1.2982,,10,70,0.05,1,1,1.1301478233352923e-05,0.9949369377514683,0.0004725897920604915,1064
1.299973,,0,28,0.004,1,1,1.1301478233352923e-05,0.9949482392297017,0.0004725897920604915,1065
1.299973,,3,65,0.01,1,1,1.1301478233352923e-05,0.994959540707935,0.0004725897920604915,1066
1.4862,,4,124,0.01,1,1,1.1301478233352923e-05,0.9949708421861684,0.0004725897920604915,1067
1.494,,4,164,0.05,1,1,1.1301478233352923e-05,0.9949821436644017,0.0004725897920604915,1068
1.494,,4,165,0.05,1,1,1.1301478233352923e-05,0.9949934451426351,0.0004725897920604915,1069
1.5173,,6,75,0.005,1,1,1.1301478233352923e-05,0.9950047466208685,0.0004725897920604915,1070
1.535,,6,75,0.013,1,1,1.1301478233352923e-05,0.9950160480991018,0.0004725897920604915,1071
1.535,,7,60,0.017,1,1,1.1301478233352923e-05,0.9950273495773352,0.0004725897920604915,1072
1.535,,9,85,0.013,1,1,1.1301478233352923e-05,0.9950386510555685,0.0004725897920604915,1073
1.5393,,20,132,0.062549,1,1,1.1301478233352923e-05,0.9950499525338019,0.0004725897920604915,1074
1.5406,1.5406,4,70,0.017,1,1,1.1301478233352923e-05,0.9950612540120353,0.0004725897920604915,1075
1.5406,1.5406,5,58,0.019438,1,1,1.1301478233352923e-05,0.9950725554902686,0.0004725897920604915,1076
1.5406,1.5406,5,60,0.019438,1,1,1.1301478233352923e-05,0.995083856968502,0.0004725897920604915,1077
1.5406,1.54439,1,2,0.002,1,0,1.1301478233352923e-05,0.9950951584467354,0.0,1078
1.5406,1.54439,2,30,0.05,1,0,1.1301478233352923e-05,0.9951064599249687,0.0,1079
1.5406,1.54439,2,50,0.020458,1,0,1.1301478233352923e-05,0.9951177614032021,0.0,1080
1.5406,1.54439,2,90,0.01,1,0,1.1301478233352923e-05,0.9951290628814354,0.0,1081
1.5406,1.54439,2,100,0.030692,1,0,1.1301478233352923e-05,0.9951403643596688,0.0,1082
1.5406,1.54439,3,40,0.02,1,1,1.1301478233352923e-05,0.9951516658379022,0.0004725897920604915,1083
1.5406,1.54439,3,70,0.01,1,1,1.1301478233352923e-05,0.9951629673161355,0.0004725897920604915,1084
1.5406,1.54439,3,100,0.01,1,1,1.1301478233352923e-05,0.9951742687943689,0.0004725897920604915,1085
1.5406,1.54439,3,100,0.013,1,1,1.1301478233352923e-05,0.9951855702726022,0.0004725897920604915,1086
1.5406,1.54439,3,100,0.022507,1,0,1.1301478233352923e-05,0.9951968717508356,0.0,1087
1.5406,1.54439,4,50,0.02,1,1,1.1301478233352923e-05,0.995208173229069,0.0004725897920604915,1088
1.5406,1.54439,4,60,0.015004,1,1,1.1301478233352923e-05,0.9952194747073023,0.0004725897920604915,1089
1.5406,1.54439,4,60,0.020458,1,0,1.1301478233352923e-05,0.9952307761855357,0.0,1090
1.5406,1.54439,4,100,0.01,1,1,1.1301478233352923e-05,0.995242077663769,0.0004725897920604915,1091
1.5406,1.54439,4,141,0.021484,1,1,1.1301478233352923e-05,0.9952533791420024,0.0004725897920604915,1092
1.5406,1.54439,5,12,0.020458,1,0,1.1301478233352923e-05,0.9952646806202358,0.0,1093
1.5406,1.54439,5,30,0.020458,1,0,1.1301478233352923e-05,0.9952759820984691,0.0,1094
1.5406,1.54439,5,40,0.008185,1,0,1.1301478233352923e-05,0.9952872835767025,0.0,1095
1.5406,1.54439,5,54,0.049091,1,0,1.1301478233352923e-05,0.9952985850549358,0.0,1096
1.5406,1.54439,5,55,0.010231,1,1,1.1301478233352923e-05,0.9953098865331692,0.0004725897920604915,1097
1.5406,1.54439,5,57,0.020458,1,0,1.1301478233352923e-05,0.9953211880114026,0.0,1098
1.5406,1.54439,5,60,0.029669,1,0,1.1301478233352923e-05,0.9953324894896359,0.0,1099
1.5406,1.54439,5,60,0.05,1,0,1.1301478233352923e-05,0.9953437909678693,0.0,1100
1.5406,1.54439,5,62,0.03,1,0,1.1301478233352923e-05,0.9953550924461027,0.0,1101
1.5406,1.54439,5,70,0.01,1,1,1.1301478233352923e-05,0.995366393924336,0.0004725897920604915,1102
1.5406,1.54439,5,70,0.013,1,0,1.1301478233352923e-05,0.9953776954025694,0.0,1103
1.5406,1.54439,5,70,0.018415,1,0,1.1301478233352923e-05,0.9953889968808027,0.0,1104
1.5406,1.54439,5,70,0.02,1,1,1.1301478233352923e-05,0.9954002983590361,0.0004725897920604915,1105
1.5406,1.54439,5,75,0.040923,1,0,1.1301478233352923e-05,0.9954115998372695,0.0,1106
1.5406,1.54439,5,77,0.03342,1,0,1.1301478233352923e-05,0.9954229013155028,0.0,1107
1.5406,1.54439,5,79,0.020458,1,0,1.1301478233352923e-05,0.9954342027937362,0.0,1108
1.5406,1.54439,5,80,0.010231,1,0,1.1301478233352923e-05,0.9954455042719695,0.0,1109
1.5406,1.54439,5,80,0.016369,1,0,1.1301478233352923e-05,0.9954568057502029,0.0,1110
1.5406,1.54439,5,80,0.02,1,1,1.1301478233352923e-05,0.9954681072284363,0.0004725897920604915,1111
1.5406,1.54439,5,90,0.054909,1,0,1.1301478233352923e-05,0.9954794087066696,0.0,1112
1.5406,1.54439,5,99,0.049091,1,0,1.1301478233352923e-05,0.995490710184903,0.0,1113
1.5406,1.54439,5,100,0.020458,1,1,1.1301478233352923e-05,0.9955020116631363,0.0004725897920604915,1114
1.5406,1.54439,5,140,0.020458,1,0,1.1301478233352923e-05,0.9955133131413697,0.0,1115
1.5406,1.54439,5,145,0.010231,1,0,1.1301478233352923e-05,0.9955246146196031,0.0,1116
1.5406,1.54439,6,100,0.02,1,1,1.1301478233352923e-05,0.9955359160978364,0.0004725897920604915,1117
1.5406,1.54439,7,51,0.03,1,0,1.1301478233352923e-05,0.9955472175760698,0.0,1118
1.5406,1.54439,7,100,0.02,1,1,1.1301478233352923e-05,0.9955585190543031,0.0004725897920604915,1119
1.5406,1.54439,8,65,0.013,1,0,1.1301478233352923e-05,0.9955698205325365,0.0,1120
1.5406,1.54439,8,81,0.014323,1,0,1.1301478233352923e-05,0.9955811220107699,0.0,1121
1.5406,1.54439,9,65,0.020458,1,0,1.1301478233352923e-05,0.9955924234890032,0.0,1122
1.5406,1.54439,10,12,0.020458,1,0,1.1301478233352923e-05,0.9956037249672366,0.0,1123
1.5406,1.54439,10,36,0.020458,1,0,1.1301478233352923e-05,0.99561502644547,0.0,1124
1.5406,1.54439,10,40,0.024545,1,0,1.1301478233352923e-05,0.9956263279237033,0.0,1125
1.5406,1.54439,10,45,0.017392,1,0,1.1301478233352923e-05,0.9956376294019367,0.0,1126
1.5406,1.54439,10,50,0.104318,1,0,1.1301478233352923e-05,0.99564893088017,0.0,1127
1.5406,1.54439,10,60,0.011254,1,0,1.1301478233352923e-05,0.9956602323584034,0.0,1128
1.5406,1.54439,10,70,0.013,1,0,1.1301478233352923e-05,0.9956715338366368,0.0,1129
1.5406,1.54439,10,70,0.017,1,1,1.1301478233352923e-05,0.9956828353148701,0.0004725897920604915,1130
1.5406,1.54439,10,70,0.023531,1,0,1.1301478233352923e-05,0.9956941367931035,0.0,1131
1.5406,1.54439,10,75,0.007,1,0,1.1301478233352923e-05,0.9957054382713368,0.0,1132
1.5406,1.54439,10,75,0.013,1,0,1.1301478233352923e-05,0.9957167397495702,0.0,1133
1.5406,1.54439,10,80,0.013,1,0,1.1301478233352923e-05,0.9957280412278036,0.0,1134
1.5406,1.54439,10,80,0.018415,1,0,1.1301478233352923e-05,0.9957393427060369,0.0,1135
1.5406,1.54439,10,80,0.022507,1,0,1.1301478233352923e-05,0.9957506441842703,0.0,1136
1.5406,1.54439,10,80,0.030692,1,0,1.1301478233352923e-05,0.9957619456625036,0.0,1137
1.5406,1.54439,10,80,0.040923,1,0,1.1301478233352923e-05,0.995773247140737,0.0,1138
1.5406,1.54439,10,80,0.079799,1,0,1.1301478233352923e-05,0.9957845486189704,0.0,1139
1.5406,1.54439,10,81,0.010231,1,0,1.1301478233352923e-05,0.9957958500972037,0.0,1140
1.5406,1.54439,10,81,0.033887,1,0,1.1301478233352923e-05,0.9958071515754371,0.0,1141
1.5406,1.54439,10,85,0.010231,1,0,1.1301478233352923e-05,0.9958184530536704,0.0,1142
1.5406,1.54439,10,89,0.016369,1,0,1.1301478233352923e-05,0.9958297545319038,0.0,1143
1.5406,1.54439,10,89,0.218864,1,0,1.1301478233352923e-05,0.9958410560101372,0.0,1144
1.5406,1.54439,10,90,0.02,1,1,1.1301478233352923e-05,0.9958523574883705,0.0004725897920604915,1145
1.5406,1.54439,10,90,0.040923,1,0,1.1301478233352923e-05,0.9958636589666039,0.0,1146
1.5406,1.54439,10,90,0.104318,1,0,1.1301478233352923e-05,0.9958749604448373,0.0,1147
1.5406,1.54439,10,90,0.267955,1,0,1.1301478233352923e-05,0.9958862619230706,0.0,1148
1.5406,1.54439,10,91,0.012277,1,0,1.1301478233352923e-05,0.995897563401304,0.0,1149
1.5406,1.54439,10,91,0.021484,1,0,1.1301478233352923e-05,0.9959088648795373,0.0,1150
1.5406,1.54439,10,91,0.028646,1,0,1.1301478233352923e-05,0.9959201663577707,0.0,1151
1.5406,1.54439,10,92,0.017392,1,0,1.1301478233352923e-05,0.9959314678360041,0.0,1152
1.5406,1.54439,10,93,0.014323,1,0,1.1301478233352923e-05,0.9959427693142374,0.0,1153
1.5406,1.54439,10,100,0.018415,1,0,1.1301478233352923e-05,0.9959540707924708,0.0,1154
1.5406,1.54439,10,110,0.051153,1,0,1.1301478233352923e-05,0.9959653722707041,0.0,1155
1.5406,1.54439,10,110,0.204545,1,0,1.1301478233352923e-05,0.9959766737489375,0.0,1156
1.5406,1.54439,10,120,0.01671,1,1,1.1301478233352923e-05,0.9959879752271709,0.0004725897920604915,1157
1.5406,1.54439,10,140,0.040923,1,0,1.1301478233352923e-05,0.9959992767054042,0.0,1158
1.5406,1.54439,10,150,0.049091,1,0,1.1301478233352923e-05,0.9960105781836376,0.0,1159
1.5406,1.54439,10,160,0.015346,1,0,1.1301478233352923e-05,0.996021879661871,0.0,1160
1.5406,1.54439,10,160,0.025,1,1,1.1301478233352923e-05,0.9960331811401043,0.0004725897920604915,1161
1.5406,1.54439,11,140,0.016,1,1,1.1301478233352923e-05,0.9960444826183377,0.0004725897920604915,1162
1.5406,1.54439,12,90,0.01,1,1,1.1301478233352923e-05,0.996055784096571,0.0004725897920604915,1163
1.5406,1.54439,12,120,0.01,1,1,1.1301478233352923e-05,0.9960670855748044,0.0004725897920604915,1164
1.5406,1.54439,15,22,0.05,1,0,1.1301478233352923e-05,0.9960783870530378,0.0,1165
1.5406,1.54439,15,41,0.020458,1,0,1.1301478233352923e-05,0.9960896885312711,0.0,1166
1.5406,1.54439,15,50,0.0066,1,1,1.1301478233352923e-05,0.9961009900095045,0.0004725897920604915,1167
1.5406,1.54439,15,50,0.020458,1,0,1.1301478233352923e-05,0.9961122914877378,0.0,1168
1.5406,1.54439,15,55,0.060081,1,0,1.1301478233352923e-05,0.9961235929659712,0.0,1169
1.5406,1.54439,15,65,0.020458,1,0,1.1301478233352923e-05,0.9961348944442046,0.0,1170
1.5406,1.54439,15,70,0.019438,1,0,1.1301478233352923e-05,0.9961461959224379,0.0,1171
1.5406,1.54439,15,80,0.008185,1,0,1.1301478233352923e-05,0.9961574974006713,0.0,1172
1.5406,1.54439,15,80,0.010231,1,0,1.1301478233352923e-05,0.9961687988789046,0.0,1173
1.5406,1.54439,15,91,0.020458,1,0,1.1301478233352923e-05,0.996180100357138,0.0,1174
1.5406,1.54439,15,100,0.01,1,1,1.1301478233352923e-05,0.9961914018353714,0.0004725897920604915,1175
1.5406,1.54439,15,120,0.02,1,1,1.1301478233352923e-05,0.9962027033136047,0.0004725897920604915,1176
1.5406,1.54439,15,130,0.019438,1,0,1.1301478233352923e-05,0.9962140047918381,0.0,1177
1.5406,1.54439,18,35,0.080822,1,0,1.1301478233352923e-05,0.9962253062700714,0.0,1178
1.5406,1.54439,18,68,0.05,1,0,1.1301478233352923e-05,0.9962366077483048,0.0,1179
1.5406,1.54439,20,30,0.005,1,0,1.1301478233352923e-05,0.9962479092265382,0.0,1180
1.5406,1.54439,20,35,0.029669,1,0,1.1301478233352923e-05,0.9962592107047715,0.0,1181
1.5406,1.54439,20,50,0.009208,1,0,1.1301478233352923e-05,0.9962705121830049,0.0,1182
1.5406,1.54439,20,60,0.001,1,0,1.1301478233352923e-05,0.9962818136612382,0.0,1183
1.5406,1.54439,20,60,0.013,1,0,1.1301478233352923e-05,0.9962931151394716,0.0,1184
1.5406,1.54439,20,60,0.05,1,0,1.1301478233352923e-05,0.996304416617705,0.0,1185
1.5406,1.54439,20,80,0.01,1,1,1.1301478233352923e-05,0.9963157180959383,0.0004725897920604915,1186
1.5406,1.54439,20,85,0.020458,1,0,1.1301478233352923e-05,0.9963270195741717,0.0,1187
1.5406,1.54439,20,89,0.020458,1,0,1.1301478233352923e-05,0.996338321052405,0.0,1188
1.5406,1.54439,20,90,0.015346,1,0,1.1301478233352923e-05,0.9963496225306384,0.0,1189
1.5406,1.54439,20,90,0.021484,1,0,1.1301478233352923e-05,0.9963609240088718,0.0,1190
1.5406,1.54439,20,91,0.089007,1,0,1.1301478233352923e-05,0.9963722254871051,0.0,1191
1.5406,1.54439,20,95,0.020458,1,0,1.1301478233352923e-05,0.9963835269653385,0.0,1192
1.5406,1.54439,20,95,0.029669,1,0,1.1301478233352923e-05,0.9963948284435719,0.0,1193
1.5406,1.54439,20,100,0.204545,1,0,1.1301478233352923e-05,0.9964061299218052,0.0,1194
1.5406,1.54439,20,105,0.020458,1,0,1.1301478233352923e-05,0.9964174314000386,0.0,1195
1.5406,1.54439,20,121,0.020458,1,0,1.1301478233352923e-05,0.9964287328782719,0.0,1196
1.5406,1.54439,22,90,0.020458,1,0,1.1301478233352923e-05,0.9964400343565053,0.0,1197
1.5406,1.54439,24,37,0.010231,1,0,1.1301478233352923e-05,0.9964513358347387,0.0,1198
1.5406,1.54439,25,60,0.020458,1,0,1.1301478233352923e-05,0.996462637312972,0.0,1199
1.5406,1.54439,25,80,0.015346,1,0,1.1301478233352923e-05,0.9964739387912054,0.0,1200
1.5406,1.54439,25,95,0.01,1,0,1.1301478233352923e-05,0.9964852402694387,0.0,1201
1.5406,1.54439,25,100,0.013,1,1,1.1301478233352923e-05,0.9964965417476721,0.0004725897920604915,1202
1.5406,1.54439,28,38,0.010231,1,0,1.1301478233352923e-05,0.9965078432259055,0.0,1203
1.5406,1.54439,29,37,0.016369,1,0,1.1301478233352923e-05,0.9965191447041388,0.0,1204
1.5406,1.54439,30,40,0.019438,1,0,1.1301478233352923e-05,0.9965304461823722,0.0,1205
1.5406,1.54439,30,40,0.020458,1,0,1.1301478233352923e-05,0.9965417476606055,0.0,1206
1.5406,1.54439,30,45,0.020458,1,0,1.1301478233352923e-05,0.9965530491388389,0.0,1207
1.5406,1.54439,30,50,0.015346,1,0,1.1301478233352923e-05,0.9965643506170723,0.0,1208
1.5406,1.54439,30,50,0.019438,1,0,1.1301478233352923e-05,0.9965756520953056,0.0,1209
1.5406,1.54439,30,60,0.020458,1,0,1.1301478233352923e-05,0.996586953573539,0.0,1210
1.5406,1.54439,30,60,0.022507,1,0,1.1301478233352923e-05,0.9965982550517724,0.0,1211
1.5406,1.54439,30,70,0.020458,1,0,1.1301478233352923e-05,0.9966095565300057,0.0,1212
1.5406,1.54439,30,80,0.104318,1,0,1.1301478233352923e-05,0.9966208580082391,0.0,1213
1.5406,1.54439,30,90,0.01,1,1,1.1301478233352923e-05,0.9966321594864724,0.0004725897920604915,1214
1.5406,1.54439,30,90,0.02,1,1,1.1301478233352923e-05,0.9966434609647058,0.0004725897920604915,1215
1.5406,1.54439,30,91,0.020458,1,0,1.1301478233352923e-05,0.9966547624429392,0.0,1216
1.5406,1.54439,30,100,0.05,1,0,1.1301478233352923e-05,0.9966660639211725,0.0,1217
1.5406,1.54439,30,110,0.020458,1,0,1.1301478233352923e-05,0.9966773653994059,0.0,1218
1.5406,1.54439,30,121,0.020458,1,0,1.1301478233352923e-05,0.9966886668776392,0.0,1219
1.5406,1.54439,31,36,0.020458,1,0,1.1301478233352923e-05,0.9966999683558726,0.0,1220
1.5406,1.54439,33,36,0.010231,1,0,1.1301478233352923e-05,0.996711269834106,0.0,1221
1.5406,1.54439,34,40,0.010231,1,0,1.1301478233352923e-05,0.9967225713123393,0.0,1222
1.5406,1.54439,34,41,0.020458,1,0,1.1301478233352923e-05,0.9967338727905727,0.0,1223
1.5406,1.54439,35,36,0.020458,1,0,1.1301478233352923e-05,0.996745174268806,0.0,1224
1.5406,1.54439,35,38,0.02,1,0,1.1301478233352923e-05,0.9967564757470394,0.0,1225
1.5406,1.54439,35,70,0.020458,1,0,1.1301478233352923e-05,0.9967677772252728,0.0,1226
1.5406,1.54439,35,130,0.020458,1,0,1.1301478233352923e-05,0.9967790787035061,0.0,1227
1.5406,1.54439,36,60,0.020458,1,0,1.1301478233352923e-05,0.9967903801817395,0.0,1228
1.5406,1.54439,37,39,0.020458,1,0,1.1301478233352923e-05,0.9968016816599728,0.0,1229
1.5406,1.54439,38,40,0.020458,1,0,1.1301478233352923e-05,0.9968129831382062,0.0,1230
1.5406,1.54439,40,50,0.020458,1,0,1.1301478233352923e-05,0.9968242846164396,0.0,1231
1.5406,1.54439,40,50,0.049091,1,0,1.1301478233352923e-05,0.9968355860946729,0.0,1232
1.5406,1.54439,40,80,0.029669,1,0,1.1301478233352923e-05,0.9968468875729063,0.0,1233
1.5406,1.54439,41,45,0.019438,1,0,1.1301478233352923e-05,0.9968581890511397,0.0,1234
1.5406,1.54439,42,46,0.020458,1,0,1.1301478233352923e-05,0.996869490529373,0.0,1235
1.5406,1.54439,47,60,0.020458,1,0,1.1301478233352923e-05,0.9968807920076064,0.0,1236
1.5406,1.54439,50,65,0.020458,1,0,1.1301478233352923e-05,0.9968920934858397,0.0,1237
1.5406,1.54439,58,67,0.020458,1,0,1.1301478233352923e-05,0.9969033949640731,0.0,1238
1.5406,1.54439,60,80,0.05,1,0,1.1301478233352923e-05,0.9969146964423065,0.0,1239
1.5406,1.54439,62,67,0.020458,1,0,1.1301478233352923e-05,0.9969259979205398,0.0,1240
1.5406,,1,60,0.02,1,1,1.1301478233352923e-05,0.9969372993987732,0.0004725897920604915,1241
1.5406,,1,90,0.02,1,1,1.1301478233352923e-05,0.9969486008770065,0.0004725897920604915,1242
1.5406,,2,60,0.01,1,1,1.1301478233352923e-05,0.9969599023552399,0.0004725897920604915,1243
1.5406,,2,70,0.013,1,1,1.1301478233352923e-05,0.9969712038334733,0.0004725897920604915,1244
1.5406,,2,81,0.03,1,1,1.1301478233352923e-05,0.9969825053117066,0.0004725897920604915,1245
1.5406,,2,85,0.02,1,1,1.1301478233352923e-05,0.99699380678994,0.0004725897920604915,1246
1.5406,,2,90,0.01,1,1,1.1301478233352923e-05,0.9970051082681733,0.0004725897920604915,1247
1.5406,,2,92,0.015004,1,1,1.1301478233352923e-05,0.9970164097464067,0.0004725897920604915,1248
1.5406,,2,100,0.01,1,1,1.1301478233352923e-05,0.9970277112246401,0.0004725897920604915,1249
1.5406,,3,34,0.02,1,1,1.1301478233352923e-05,0.9970390127028734,0.0004725897920604915,1250
1.5406,,3,50,0.01,1,1,1.1301478233352923e-05,0.9970503141811068,0.0004725897920604915,1251
1.5406,,3,50,0.017,1,1,1.1301478233352923e-05,0.9970616156593402,0.0004725897920604915,1252
1.5406,,3,70,0.01,1,1,1.1301478233352923e-05,0.9970729171375735,0.0004725897920604915,1253
1.5406,,3,70,0.017,1,1,1.1301478233352923e-05,0.9970842186158069,0.0004725897920604915,1254
1.5406,,3,70,0.02,1,1,1.1301478233352923e-05,0.9970955200940402,0.0004725897920604915,1255
1.5406,,3,89,0.015004,1,1,1.1301478233352923e-05,0.9971068215722736,0.0004725897920604915,1256
1.5406,,3,90,0.01,1,1,1.1301478233352923e-05,0.997118123050507,0.0004725897920604915,1257
1.5406,,3,100,0.01,1,1,1.1301478233352923e-05,0.9971294245287403,0.0004725897920604915,1258
1.5406,,3,110,0.013,1,1,1.1301478233352923e-05,0.9971407260069737,0.0004725897920604915,1259
1.5406,,3,165,0.05,1,1,1.1301478233352923e-05,0.997152027485207,0.0004725897920604915,1260
1.5406,,3,166,0.05,1,1,1.1301478233352923e-05,0.9971633289634404,0.0004725897920604915,1261
1.5406,,4,34,0.02,1,1,1.1301478233352923e-05,0.9971746304416738,0.0004725897920604915,1262
1.5406,,4,43,0.016,1,1,1.1301478233352923e-05,0.9971859319199071,0.0004725897920604915,1263
1.5406,,4,50,0.005,1,1,1.1301478233352923e-05,0.9971972333981405,0.0004725897920604915,1264
1.5406,,4,50,0.017,1,1,1.1301478233352923e-05,0.9972085348763738,0.0004725897920604915,1265
1.5406,,4,60,0.01,1,1,1.1301478233352923e-05,0.9972198363546072,0.0004725897920604915,1266
1.5406,,4,71,0.02,1,1,1.1301478233352923e-05,0.9972311378328406,0.0004725897920604915,1267
1.5406,,4,72,0.015004,1,1,1.1301478233352923e-05,0.9972424393110739,0.0004725897920604915,1268
1.5406,,4,73,0.015004,1,1,1.1301478233352923e-05,0.9972537407893073,0.0004725897920604915,1269
1.5406,,4,85,0.005,1,1,1.1301478233352923e-05,0.9972650422675406,0.0004725897920604915,1270
1.5406,,5,40,0.02,1,1,1.1301478233352923e-05,0.997276343745774,0.0004725897920604915,1271
1.5406,,5,55,0.010231,1,1,1.1301478233352923e-05,0.9972876452240074,0.0004725897920604915,1272
1.5406,,5,59,0.015004,1,1,1.1301478233352923e-05,0.9972989467022407,0.0004725897920604915,1273
1.5406,,5,60,0.005,1,1,1.1301478233352923e-05,0.9973102481804741,0.0004725897920604915,1274
1.5406,,5,60,0.01,1,1,1.1301478233352923e-05,0.9973215496587075,0.0004725897920604915,1275
1.5406,,5,60,0.026,1,1,1.1301478233352923e-05,0.9973328511369408,0.0004725897920604915,1276
1.5406,,5,69,0.01671,1,1,1.1301478233352923e-05,0.9973441526151742,0.0004725897920604915,1277
1.5406,,5,70,0.01671,1,1,1.1301478233352923e-05,0.9973554540934075,0.0004725897920604915,1278
1.5406,,5,70,0.020458,1,1,1.1301478233352923e-05,0.9973667555716409,0.0004725897920604915,1279
1.5406,,5,70,0.026,1,1,1.1301478233352923e-05,0.9973780570498743,0.0004725897920604915,1280
1.5406,,5,72,0.015004,1,1,1.1301478233352923e-05,0.9973893585281076,0.0004725897920604915,1281
1.5406,,5,78,0.0105,1,1,1.1301478233352923e-05,0.997400660006341,0.0004725897920604915,1282
1.5406,,5,80,0.0105,1,1,1.1301478233352923e-05,0.9974119614845743,0.0004725897920604915,1283
1.5406,,5,85,0.025,1,1,1.1301478233352923e-05,0.9974232629628077,0.0004725897920604915,1284
1.5406,,5,90,0.013,1,1,1.1301478233352923e-05,0.9974345644410411,0.0004725897920604915,1285
1.5406,,5,90,0.015004,1,1,1.1301478233352923e-05,0.9974458659192744,0.0004725897920604915,1286
1.5406,,5,95,0.01,1,1,1.1301478233352923e-05,0.9974571673975078,0.0004725897920604915,1287
1.5406,,5,100,0.005,1,1,1.1301478233352923e-05,0.9974684688757411,0.0004725897920604915,1288
1.5406,,5,108,0.025,1,1,1.1301478233352923e-05,0.9974797703539745,0.0004725897920604915,1289
1.5406,,5,120,0.013,1,1,1.1301478233352923e-05,0.9974910718322079,0.0004725897920604915,1290
1.5406,,5,140,0.0088,1,1,1.1301478233352923e-05,0.9975023733104412,0.0004725897920604915,1291
1.5406,,5,140,0.013,1,1,1.1301478233352923e-05,0.9975136747886746,0.0004725897920604915,1292
1.5406,,6,31,0.01,1,1,1.1301478233352923e-05,0.997524976266908,0.0004725897920604915,1293
1.5406,,6,85,0.01,1,1,1.1301478233352923e-05,0.9975362777451413,0.0004725897920604915,1294
1.5406,,6,90,0.016,1,1,1.1301478233352923e-05,0.9975475792233747,0.0004725897920604915,1295
1.5406,,7,33,0.01,1,1,1.1301478233352923e-05,0.997558880701608,0.0004725897920604915,1296
1.5406,,7,100,0.005,1,1,1.1301478233352923e-05,0.9975701821798414,0.0004725897920604915,1297
1.5406,,7,100,0.02,1,1,1.1301478233352923e-05,0.9975814836580748,0.0004725897920604915,1298
1.5406,,7,100,0.026,1,1,1.1301478233352923e-05,0.9975927851363081,0.0004725897920604915,1299
1.5406,,7,125,0.015004,1,1,1.1301478233352923e-05,0.9976040866145415,0.0004725897920604915,1300
1.5406,,8,60,0.01671,1,1,1.1301478233352923e-05,0.9976153880927748,0.0004725897920604915,1301
1.5406,,8,70,0.01671,1,1,1.1301478233352923e-05,0.9976266895710082,0.0004725897920604915,1302
1.5406,,8,100,0.005,1,1,1.1301478233352923e-05,0.9976379910492416,0.0004725897920604915,1303
1.5406,,8,120,0.013,1,1,1.1301478233352923e-05,0.9976492925274749,0.0004725897920604915,1304
1.5406,,8,150,0.009208,1,1,1.1301478233352923e-05,0.9976605940057083,0.0004725897920604915,1305
1.5406,,9,110,0.026,1,1,1.1301478233352923e-05,0.9976718954839416,0.0004725897920604915,1306
1.5406,,10,70,0.005,1,1,1.1301478233352923e-05,0.997683196962175,0.0004725897920604915,1307
1.5406,,10,72,0.02,1,1,1.1301478233352923e-05,0.9976944984404084,0.0004725897920604915,1308
1.5406,,10,79,0.029669,1,1,1.1301478233352923e-05,0.9977057999186417,0.0004725897920604915,1309
1.5406,,10,80,0.008,1,1,1.1301478233352923e-05,0.9977171013968751,0.0004725897920604915,1310
1.5406,,10,80,0.026,1,1,1.1301478233352923e-05,0.9977284028751084,0.0004725897920604915,1311
1.5406,,10,81,0.020458,1,0,1.1301478233352923e-05,0.9977397043533418,0.0,1312
1.5406,,10,90,0.0319,1,1,1.1301478233352923e-05,0.9977510058315752,0.0004725897920604915,1313
1.5406,,10,100,0.013,1,1,1.1301478233352923e-05,0.9977623073098085,0.0004725897920604915,1314
1.5406,,10,100,0.02,1,1,1.1301478233352923e-05,0.9977736087880419,0.0004725897920604915,1315
1.5406,,10,100,0.025,1,1,1.1301478233352923e-05,0.9977849102662752,0.0004725897920604915,1316
1.5406,,10,110,0.0033,1,1,1.1301478233352923e-05,0.9977962117445086,0.0004725897920604915,1317
1.5406,,10,120,0.03,1,1,1.1301478233352923e-05,0.997807513222742,0.0004725897920604915,1318
1.5406,,10,126,0.01175,1,1,1.1301478233352923e-05,0.9978188147009753,0.0004725897920604915,1319
1.5406,,10,130,0.013,1,1,1.1301478233352923e-05,0.9978301161792087,0.0004725897920604915,1320
1.5406,,11,90,0.013,1,1,1.1301478233352923e-05,0.997841417657442,0.0004725897920604915,1321
1.5406,,12,110,0.01,1,1,1.1301478233352923e-05,0.9978527191356754,0.0004725897920604915,1322
1.5406,,15,130,0.026,1,1,1.1301478233352923e-05,0.9978640206139088,0.0004725897920604915,1323
1.5406,,15,152,0.01671,1,1,1.1301478233352923e-05,0.9978753220921421,0.0004725897920604915,1324
1.5406,,21,100,0.005,1,1,1.1301478233352923e-05,0.9978866235703755,0.0004725897920604915,1325
1.5406,,22,100,0.01,1,1,1.1301478233352923e-05,0.9978979250486089,0.0004725897920604915,1326
1.5406,,23,100,0.01,1,1,1.1301478233352923e-05,0.9979092265268422,0.0004725897920604915,1327
1.5406,,24,100,0.005,1,1,1.1301478233352923e-05,0.9979205280050756,0.0004725897920604915,1328
1.5418,1.54439,2,50,0.01,1,1,1.1301478233352923e-05,0.9979318294833089,0.0004725897920604915,1329
1.5418,,1,60,0.017,1,1,1.1301478233352923e-05,0.9979431309615423,0.0004725897920604915,1330
1.5418,,3,75,0.013,1,1,1.1301478233352923e-05,0.9979544324397757,0.0004725897920604915,1331
1.5418,,3,75,0.017,1,1,1.1301478233352923e-05,0.997965733918009,0.0004725897920604915,1332
1.5418,,3,80,0.008,1,1,1.1301478233352923e-05,0.9979770353962424,0.0004725897920604915,1333
1.5418,,3,80,0.017,1,1,1.1301478233352923e-05,0.9979883368744757,0.0004725897920604915,1334
1.5418,,4,90,0.013,1,1,1.1301478233352923e-05,0.9979996383527091,0.0004725897920604915,1335
1.5418,,4,90,0.02,1,1,1.1301478233352923e-05,0.9980109398309425,0.0004725897920604915,1336
1.5418,,4,90,0.026,1,1,1.1301478233352923e-05,0.9980222413091758,0.0004725897920604915,1337
1.5418,,4,100,0.013,1,1,1.1301478233352923e-05,0.9980335427874092,0.0004725897920604915,1338
1.5418,,5,35,0.025,1,1,1.1301478233352923e-05,0.9980448442656426,0.0004725897920604915,1339
1.5418,,5,40,0.017,1,1,1.1301478233352923e-05,0.9980561457438759,0.0004725897920604915,1340
1.5418,,5,50,0.013,1,1,1.1301478233352923e-05,0.9980674472221093,0.0004725897920604915,1341
1.5418,,5,50,0.01671,1,1,1.1301478233352923e-05,0.9980787487003426,0.0004725897920604915,1342
1.5418,,5,60,0.02,1,1,1.1301478233352923e-05,0.998090050178576,0.0004725897920604915,1343
1.5418,,5,60,0.03302,1,1,1.1301478233352923e-05,0.9981013516568094,0.0004725897920604915,1344
1.5418,,5,65,0.01671,1,1,1.1301478233352923e-05,0.9981126531350427,0.0004725897920604915,1345
1.5418,,5,70,0.026261,1,1,1.1301478233352923e-05,0.9981239546132761,0.0004725897920604915,1346
1.5418,,5,75,0.02,1,1,1.1301478233352923e-05,0.9981352560915094,0.0004725897920604915,1347
1.5418,,5,76,0.02,1,1,1.1301478233352923e-05,0.9981465575697428,0.0004725897920604915,1348
1.5418,,5,90,0.02,1,1,1.1301478233352923e-05,0.9981578590479762,0.0004725897920604915,1349
1.5418,,5,120,0.019438,1,1,1.1301478233352923e-05,0.9981691605262095,0.0004725897920604915,1350
1.5418,,6,70,0.011254,1,1,1.1301478233352923e-05,0.9981804620044429,0.0004725897920604915,1351
1.5418,,6,70,0.015346,1,1,1.1301478233352923e-05,0.9981917634826762,0.0004725897920604915,1352
1.5418,,6,70,0.1494,1,1,1.1301478233352923e-05,0.9982030649609096,0.0004725897920604915,1353
1.5418,,6,70,0.14975,1,1,1.1301478233352923e-05,0.998214366439143,0.0004725897920604915,1354
1.5418,,6,80,0.014323,1,1,1.1301478233352923e-05,0.9982256679173763,0.0004725897920604915,1355
1.5418,,6,80,0.02,1,1,1.1301478233352923e-05,0.9982369693956097,0.0004725897920604915,1356
1.5418,,6,91,0.026261,1,1,1.1301478233352923e-05,0.998248270873843,0.0004725897920604915,1357
1.5418,,6,105,0.018415,1,1,1.1301478233352923e-05,0.9982595723520764,0.0004725897920604915,1358
1.5418,,7,75,0.018415,1,1,1.1301478233352923e-05,0.9982708738303098,0.0004725897920604915,1359
1.5418,,7,80,0.016369,1,1,1.1301478233352923e-05,0.9982821753085431,0.0004725897920604915,1360
1.5418,,7,90,0.013,1,1,1.1301478233352923e-05,0.9982934767867765,0.0004725897920604915,1361
1.5418,,7,90,0.02,1,1,1.1301478233352923e-05,0.9983047782650099,0.0004725897920604915,1362
1.5418,,7,100,0.02074,1,1,1.1301478233352923e-05,0.9983160797432432,0.0004725897920604915,1363
1.5418,,8,60,0.02,1,1,1.1301478233352923e-05,0.9983273812214766,0.0004725897920604915,1364
1.5418,,8,60,0.026261,1,1,1.1301478233352923e-05,0.9983386826997099,0.0004725897920604915,1365
1.5418,,8,70,0.008185,1,1,1.1301478233352923e-05,0.9983499841779433,0.0004725897920604915,1366
1.5418,,8,80,0.017,1,1,1.1301478233352923e-05,0.9983612856561767,0.0004725897920604915,1367
1.5418,,8,80,0.026261,1,1,1.1301478233352923e-05,0.99837258713441,0.0004725897920604915,1368
1.5418,,8,85,0.02,1,1,1.1301478233352923e-05,0.9983838886126434,0.0004725897920604915,1369
1.5418,,8,95,0.018415,1,1,1.1301478233352923e-05,0.9983951900908767,0.0004725897920604915,1370
1.5418,,8,120,0.010231,1,1,1.1301478233352923e-05,0.9984064915691101,0.0004725897920604915,1371
1.5418,,8,120,0.013,1,1,1.1301478233352923e-05,0.9984177930473435,0.0004725897920604915,1372
1.5418,,8,120,0.014323,1,1,1.1301478233352923e-05,0.9984290945255768,0.0004725897920604915,1373
1.5418,,8,120,0.017392,1,1,1.1301478233352923e-05,0.9984403960038102,0.0004725897920604915,1374
1.5418,,9,75,0.03,1,1,1.1301478233352923e-05,0.9984516974820435,0.0004725897920604915,1375
1.5418,,9,98,0.02,1,1,1.1301478233352923e-05,0.9984629989602769,0.0004725897920604915,1376
1.5418,,10,70,0.015346,1,1,1.1301478233352923e-05,0.9984743004385103,0.0004725897920604915,1377
1.5418,,10,70,0.02,1,1,1.1301478233352923e-05,0.9984856019167436,0.0004725897920604915,1378
1.5418,,10,71,0.004,1,1,1.1301478233352923e-05,0.998496903394977,0.0004725897920604915,1379
1.5418,,10,80,0.015346,1,1,1.1301478233352923e-05,0.9985082048732103,0.0004725897920604915,1380
1.5418,,10,80,0.02,1,1,1.1301478233352923e-05,0.9985195063514437,0.0004725897920604915,1381
1.5418,,10,100,0.01,1,1,1.1301478233352923e-05,0.9985308078296771,0.0004725897920604915,1382
1.5418,,10,100,0.015004,1,1,1.1301478233352923e-05,0.9985421093079104,0.0004725897920604915,1383
1.5418,,10,105,0.02,1,1,1.1301478233352923e-05,0.9985534107861438,0.0004725897920604915,1384
1.5418,,10,110,0.026628,1,1,1.1301478233352923e-05,0.9985647122643772,0.0004725897920604915,1385
1.5418,,10,130,0.017,1,1,1.1301478233352923e-05,0.9985760137426105,0.0004725897920604915,1386
1.5418,,10,130,0.017392,1,1,1.1301478233352923e-05,0.9985873152208439,0.0004725897920604915,1387
1.5418,,11,120,0.020458,1,1,1.1301478233352923e-05,0.9985986166990772,0.0004725897920604915,1388
1.5418,,12,120,0.0088,1,1,1.1301478233352923e-05,0.9986099181773106,0.0004725897920604915,1389
1.5418,,13,85,0.020458,1,1,1.1301478233352923e-05,0.998621219655544,0.0004725897920604915,1390
1.5418,,13,120,0.020458,1,1,1.1301478233352923e-05,0.9986325211337773,0.0004725897920604915,1391
1.5418,,14,70,0.02,1,1,1.1301478233352923e-05,0.9986438226120107,0.0004725897920604915,1392
1.5418,,14,90,0.013,1,1,1.1301478233352923e-05,0.998655124090244,0.0004725897920604915,1393
1.5418,,20,82,0.026,1,1,1.1301478233352923e-05,0.9986664255684774,0.0004725897920604915,1394
1.5418,,20,120,0.02,1,1,1.1301478233352923e-05,0.9986777270467108,0.0004725897920604915,1395
1.5418,,25,150,0.017,1,1,1.1301478233352923e-05,0.9986890285249441,0.0004725897920604915,1396
1.5482,,1,158,0.05,1,1,1.1301478233352923e-05,0.9987003300031775,0.0004725897920604915,1397
1.5482,,6,154,0.05,1,1,1.1301478233352923e-05,0.9987116314814108,0.0004725897920604915,1398
1.5556,,10,123,0.05,1,1,1.1301478233352923e-05,0.9987229329596442,0.0004725897920604915,1399
1.594,,3,160,0.05,1,1,1.1301478233352923e-05,0.9987342344378776,0.0004725897920604915,1400
1.594,,7,156,0.05,1,1,1.1301478233352923e-05,0.9987455359161109,0.0004725897920604915,1401
1.594,,7,157,0.05,1,1,1.1301478233352923e-05,0.9987568373943443,0.0004725897920604915,1402
1.594,,7,158,0.05,1,1,1.1301478233352923e-05,0.9987681388725776,0.0004725897920604915,1403
1.594,,7,159,0.05,1,1,1.1301478233352923e-05,0.998779440350811,0.0004725897920604915,1404
1.594,,10,160,0.05,1,1,1.1301478233352923e-05,0.9987907418290444,0.0004725897920604915,1405
1.59516,,9,159,0.05,1,1,1.1301478233352923e-05,0.9988020433072777,0.0004725897920604915,1406
1.621,,4,164,0.05,1,1,1.1301478233352923e-05,0.9988133447855111,0.0004725897920604915,1407
1.622,,3,164,0.05,1,1,1.1301478233352923e-05,0.9988246462637445,0.0004725897920604915,1408
1.622,,6,162,0.1134,1,1,1.1301478233352923e-05,0.9988359477419778,0.0004725897920604915,1409
1.622,,8,162,0.05,1,1,1.1301478233352923e-05,0.9988472492202112,0.0004725897920604915,1410
1.622,,10,162,0.05,1,1,1.1301478233352923e-05,0.9988585506984445,0.0004725897920604915,1411
1.622,,10,163,0.05,1,1,1.1301478233352923e-05,0.9988698521766779,0.0004725897920604915,1412
1.622,,15,164,0.05,1,1,1.1301478233352923e-05,0.9988811536549113,0.0004725897920604915,1413
1.788965,1.79285,2,98,0.01,1,0,1.1301478233352923e-05,0.9988924551331446,0.0,1414
1.788965,1.79285,5,98,0.01,1,0,1.1301478233352923e-05,0.998903756611378,0.0,1415
1.788965,,4,100,0.01,1,1,1.1301478233352923e-05,0.9989150580896113,0.0004725897920604915,1416
1.788965,,5,100,0.01,1,1,1.1301478233352923e-05,0.9989263595678447,0.0004725897920604915,1417
1.790276,,5,90,0.013,1,1,1.1301478233352923e-05,0.9989376610460781,0.0004725897920604915,1418
1.790276,,7,100,0.026,1,1,1.1301478233352923e-05,0.9989489625243114,0.0004725897920604915,1419
1.8857,,7,148,0.05,1,1,1.1301478233352923e-05,0.9989602640025448,0.0004725897920604915,1420
1.8857,,7,160,0.05,1,1,1.1301478233352923e-05,0.9989715654807781,0.0004725897920604915,1421
2.0775,,2,164,0.05,1,1,1.1301478233352923e-05,0.9989828669590115,0.0004725897920604915,1422
2.37039,,3,117,0.100242,1,1,1.1301478233352923e-05,0.9989941684372449,0.0004725897920604915,1423
2.3985,,0,160,0.05,1,1,1.1301478233352923e-05,0.9990054699154782,0.0004725897920604915,1424
2.413,,18,124,0.05,1,1,1.1301478233352923e-05,0.9990167713937116,0.0004725897920604915,1425
2.440605,,3,164,0.05,1,1,1.1301478233352923e-05,0.999028072871945,0.0004725897920604915,1426
2.52268,,1,129,0.1,1,1,1.1301478233352923e-05,0.9990393743501783,0.0004725897920604915,1427
2.7948,,16,136,0.124965,1,1,1.1301478233352923e-05,0.9990506758284117,0.0004725897920604915,1428
,,0,2,0.001,1,1,1.1301478233352923e-05,0.999061977306645,0.0004725897920604915,1429
,,0,40,0.008,1,1,1.1301478233352923e-05,0.9990732787848784,0.0004725897920604915,1430
,,0,60,0.002,1,1,1.1301478233352923e-05,0.9990845802631118,0.0004725897920604915,1431
,,0,113,0.02913,1,1,1.1301478233352923e-05,0.9990958817413451,0.0004725897920604915,1432
,,0,160,0.05,1,1,1.1301478233352923e-05,0.9991071832195785,0.0004725897920604915,1433
,,0,180,0.03,1,1,1.1301478233352923e-05,0.9991184846978118,0.0004725897920604915,1434
,,1,16,0.005,1,1,1.1301478233352923e-05,0.9991297861760452,0.0004725897920604915,1435
,,1,17,0.0015,1,1,1.1301478233352923e-05,0.9991410876542786,0.0004725897920604915,1436
,,1,20,0.002,1,1,1.1301478233352923e-05,0.9991523891325119,0.0004725897920604915,1437
,,1,28,0.004,1,1,1.1301478233352923e-05,0.9991636906107453,0.0004725897920604915,1438
,,1,45,0.003,1,1,1.1301478233352923e-05,0.9991749920889786,0.0004725897920604915,1439
,,2,22,0.0015,1,1,1.1301478233352923e-05,0.999186293567212,0.0004725897920604915,1440
,,2,25,0.006,1,1,1.1301478233352923e-05,0.9991975950454454,0.0004725897920604915,1441
,,2,31,0.005,1,1,1.1301478233352923e-05,0.9992088965236787,0.0004725897920604915,1442
,,2,32,0.001,1,1,1.1301478233352923e-05,0.9992201980019121,0.0004725897920604915,1443
,,2,32,0.005,1,1,1.1301478233352923e-05,0.9992314994801454,0.0004725897920604915,1444
,,2,35,0.005,1,1,1.1301478233352923e-05,0.9992428009583788,0.0004725897920604915,1445
,,2,36,0.01,1,1,1.1301478233352923e-05,0.9992541024366122,0.0004725897920604915,1446
,,2,40,0.003,1,1,1.1301478233352923e-05,0.9992654039148455,0.0004725897920604915,1447
,,2,40,0.02,1,1,1.1301478233352923e-05,0.9992767053930789,0.0004725897920604915,1448
,,2,62,0.01,1,1,1.1301478233352923e-05,0.9992880068713123,0.0004725897920604915,1449
,,2,65,0.005,1,1,1.1301478233352923e-05,0.9992993083495456,0.0004725897920604915,1450
,,2,69,0.01,1,1,1.1301478233352923e-05,0.999310609827779,0.0004725897920604915,1451
,,2,92,0.004,1,1,1.1301478233352923e-05,0.9993219113060123,0.0004725897920604915,1452
,,3,20,0.038876,1,1,1.1301478233352923e-05,0.9993332127842457,0.0004725897920604915,1453
,,3,40,0.005,1,1,1.1301478233352923e-05,0.9993445142624791,0.0004725897920604915,1454
,,3,50,0.001,1,1,1.1301478233352923e-05,0.9993558157407124,0.0004725897920604915,1455
,,3,50,0.004,1,1,1.1301478233352923e-05,0.9993671172189458,0.0004725897920604915,1456
,,3,80,0.01,1,1,1.1301478233352923e-05,0.9993784186971791,0.0004725897920604915,1457
,,3,121,0.05,1,1,1.1301478233352923e-05,0.9993897201754125,0.0004725897920604915,1458
,,4,44,0.003,1,1,1.1301478233352923e-05,0.9994010216536459,0.0004725897920604915,1459
,,4,75,0.01,1,1,1.1301478233352923e-05,0.9994123231318792,0.0004725897920604915,1460
,,4,80,0.01,1,1,1.1301478233352923e-05,0.9994236246101126,0.0004725897920604915,1461
,,4,100,0.01,1,1,1.1301478233352923e-05,0.9994349260883459,0.0004725897920604915,1462
,,4,148,0.080066,1,1,1.1301478233352923e-05,0.9994462275665793,0.0004725897920604915,1463
,,5,37,0.026,1,1,1.1301478233352923e-05,0.9994575290448127,0.0004725897920604915,1464
,,5,50,0.020458,1,0,1.1301478233352923e-05,0.999468830523046,0.0,1465
,,5,52,0.017,1,1,1.1301478233352923e-05,0.9994801320012794,0.0004725897920604915,1466
,,5,60,0.01,1,1,1.1301478233352923e-05,0.9994914334795127,0.0004725897920604915,1467
,,5,60,0.02,1,1,1.1301478233352923e-05,0.9995027349577461,0.0004725897920604915,1468
,,5,70,0.02,1,1,1.1301478233352923e-05,0.9995140364359795,0.0004725897920604915,1469
,,5,75,0.01671,1,1,1.1301478233352923e-05,0.9995253379142128,0.0004725897920604915,1470
,,5,90,0.0036,1,1,1.1301478233352923e-05,0.9995366393924462,0.0004725897920604915,1471
,,5,90,0.013,1,1,1.1301478233352923e-05,0.9995479408706796,0.0004725897920604915,1472
,,5,90,0.015004,1,1,1.1301478233352923e-05,0.9995592423489129,0.0004725897920604915,1473
,,5,100,0.01,1,1,1.1301478233352923e-05,0.9995705438271463,0.0004725897920604915,1474
,,5,100,0.013,1,1,1.1301478233352923e-05,0.9995818453053796,0.0004725897920604915,1475
,,5,108,0.01,1,1,1.1301478233352923e-05,0.999593146783613,0.0004725897920604915,1476
,,5,110,0.060081,1,1,1.1301478233352923e-05,0.9996044482618464,0.0004725897920604915,1477
,,5,120,0.010231,1,1,1.1301478233352923e-05,0.9996157497400797,0.0004725897920604915,1478
,,5,120,0.0399,1,1,1.1301478233352923e-05,0.9996270512183131,0.0004725897920604915,1479
,,5,121,0.05,1,1,1.1301478233352923e-05,0.9996383526965464,0.0004725897920604915,1480
,,6,22,0.003,1,1,1.1301478233352923e-05,0.9996496541747798,0.0004725897920604915,1481
,,6,80,0.026261,1,1,1.1301478233352923e-05,0.9996609556530132,0.0004725897920604915,1482
,,6,100,0.02,1,1,1.1301478233352923e-05,0.9996722571312465,0.0004725897920604915,1483
,,7,41,0.013,1,0,1.1301478233352923e-05,0.9996835586094799,0.0,1484
,,7,60,0.01,1,1,1.1301478233352923e-05,0.9996948600877132,0.0004725897920604915,1485
,,7,70,0.0036,1,1,1.1301478233352923e-05,0.9997061615659466,0.0004725897920604915,1486
,,8,100,0.013,1,1,1.1301478233352923e-05,0.99971746304418,0.0004725897920604915,1487
,,8,130,0.008,1,1,1.1301478233352923e-05,0.9997287645224133,0.0004725897920604915,1488
,,8,141,0.05,1,1,1.1301478233352923e-05,0.9997400660006467,0.0004725897920604915,1489
,,9,75,0.03,1,1,1.1301478233352923e-05,0.99975136747888,0.0004725897920604915,1490
,,9,130,0.05,1,1,1.1301478233352923e-05,0.9997626689571134,0.0004725897920604915,1491
,,9,164,0.05,1,1,1.1301478233352923e-05,0.9997739704353468,0.0004725897920604915,1492
,,10,60,0.012277,1,1,1.1301478233352923e-05,0.9997852719135801,0.0004725897920604915,1493
,,10,75,0.011254,1,0,1.1301478233352923e-05,0.9997965733918135,0.0,1494
,,10,80,0.01,1,0,1.1301478233352923e-05,0.9998078748700469,0.0,1495
,,10,80,0.01671,1,1,1.1301478233352923e-05,0.9998191763482802,0.0004725897920604915,1496
,,10,80,0.02,1,1,1.1301478233352923e-05,0.9998304778265136,0.0004725897920604915,1497
,,10,80,0.029669,1,0,1.1301478233352923e-05,0.9998417793047469,0.0,1498
,,10,90,0.01,1,0,1.1301478233352923e-05,0.9998530807829803,0.0,1499
,,10,110,0.02,1,1,1.1301478233352923e-05,0.9998643822612137,0.0004725897920604915,1500
,,10,110,0.020458,1,0,1.1301478233352923e-05,0.999875683739447,0.0,1501
,,10,120,0.02,1,1,1.1301478233352923e-05,0.9998869852176804,0.0004725897920604915,1502
,,11,90,0.020458,1,0,1.1301478233352923e-05,0.9998982866959137,0.0,1503
,,15,80,0.05,1,1,1.1301478233352923e-05,0.9999095881741471,0.0004725897920604915,1504
,,15,137,0.075,1,1,1.1301478233352923e-05,0.9999208896523805,0.0004725897920604915,1505
,,15,138,0.075,1,1,1.1301478233352923e-05,0.9999321911306138,0.0004725897920604915,1506
,,15,140,0.075,1,1,1.1301478233352923e-05,0.9999434926088472,0.0004725897920604915,1507
,,15,152,0.05,1,1,1.1301478233352923e-05,0.9999547940870805,0.0004725897920604915,1508
,,18,100,0.013,1,1,1.1301478233352923e-05,0.9999660955653139,0.0004725897920604915,1509
,,20,50,0.010231,1,0,1.1301478233352923e-05,0.9999773970435473,0.0,1510
,,20,145,0.010231,1,0,1.1301478233352923e-05,0.9999886985217806,0.0,1511
,,37,39,0.020458,1,0,1.1301478233352923e-05,1.000000000000014,0.0,1512
